tic_id,error,bls_period_d,bls_t0,bls_duration_d,bls_depth_ppm,bls_snr,bls_n_transits,p1_period_d,p1_depth_ppm,p1_snr
359496368,,2.6655611862665123,1685.1780469002406,0.125,542.0511543284625,11.687426991180434,8,2.6655611862665123,388.2082064510805,8.349905814183717
362709886,,4.726032422729528,2363.1505726555047,0.08333333333333333,5778.316598119879,119.10762246884886,6,4.725436672409901,4003.9191077108044,82.60476705221892
117068362,,4.206493959957998,3533.7113551224916,0.125,3419.5787035575013,22.567979938605912,7,4.200985734106139,3264.952674314138,17.593598435786745
398733009,,0.8184301105126409,1411.5621942986745,0.041666666666666664,32011.291426203396,15.221161762012684,26,0.8188345920772463,42970.15869332053,14.462033404093859
436099179,,0.8993432745821889,3235.641448559491,0.08333333333333333,1463.7663437340013,10.010904191072873,24,0.9009686353281459,1423.0010904652986,8.522748814057827
358072664,,4.187373573339417,3719.331855460432,0.041666666666666664,3377.40304559745,7.425510282529934,7,1.3956854806735217,1915.4052694359293,7.104744270105798
133505138,,4.853708416740441,1548.4080528014022,0.25,349.52560639735293,11.909723238465565,5,2.4370265429694973,239.21935353128578,7.753096332996041
289539327,,11.23363407557139,1962.3065507355902,0.25,8633.574486741258,163.08889699651624,2,11.241135364573397,5008.386804947451,94.90360458879285
357457104,,1.7478072347587879,1712.4199635821055,0.08333333333333333,1418.7218447444195,25.607394993487606,10,1.7478072347587879,1139.0945734198572,20.57597701435319
103865797,,2.2232849416338074,3436.5487577141917,0.041666666666666664,27813.4407248677,19.251889368442583,5,2.2232849416338074,25716.91875572537,17.67020225405447
5772442,,1.103921988544292,2230.0927133246964,0.0625,391.4318330725663,9.490746452770255,20,1.103921988544292,403.9040206091357,9.79479785433459
444977814,,12.122866200984815,3315.3042809145854,0.0625,6110.544555258645,10.325880879936053,2,12.122866200984815,4185.031813084099,7.074799750533017
66151343,,2.677100383082893,2964.032720748265,0.08333333333333333,11019.728260124086,14.414320728072772,8,2.677100383082893,9722.473526254123,12.73438001774838
350332997,,1.9175652023126522,1602.1536451645097,0.0625,2030.0052525647266,12.408729520281737,9,1.9175652023126522,1889.339868034798,11.597355263742687
440801822,,2.047771035021443,2203.321404656668,0.125,335.15782101336424,20.188171686069598,12,2.0493423909031163,247.31142540534734,14.867987196640943
156816238,,2.1463067632534574,2611.2247781723568,0.08333333333333333,12319.85189146562,54.07242992115388,10,2.1467316379832053,11727.942347813423,44.3421659825062
426077080,,9.29990474561147,2365.8687365849037,0.125,1492.8460471858646,26.170854438734498,2,9.29990474561147,1114.4858589695957,19.491693458921556
282498590,,10.09919411666139,2202.057009498828,0.16666666666666666,12450.758091628086,85.92907136367813,3,10.10237784213117,3499.222382150998,29.767829468858203
324609476,,0.7340015253829181,3098.4079001343066,0.020833333333333332,34572.73498185996,22.240668001664112,30,0.7340015253829181,34083.28933573732,21.973173775529173
90448944,,1.4404647225662646,2256.354384102075,0.125,382.928694681268,16.418908419516686,14,1.4404647225662646,299.2691877638883,12.854278033558463
141631253,,1.6706660445710557,2964.8730884601327,0.0625,1183.0711675072234,16.35974864082733,14,1.6706660445710557,965.6746534425325,13.293499339919546
219205407,,6.125405215617202,2062.3725913499698,0.0625,27979.445077268683,188.10215788110855,3,6.125405215617202,27914.147029988286,187.64248029818899
267489265,,1.5499945669412774,1711.5834601805782,0.125,372.1526894239434,16.42835054387372,14,1.5516935697436505,365.9346908242115,13.249398925578346
233681149,,8.589579695191244,1683.689259909866,0.125,1638.1584100397063,20.166591577808752,4,8.578932100884833,1112.7746500811263,13.628940666113142
395773226,,1.9244831375047537,2720.013517717659,0.08333333333333333,1013.7494449496368,9.39284871696085,13,1.924224824316863,957.785248336286,7.711556305259918
175180796,,4.666912802554886,1493.4471485747688,0.0625,805.8505301720261,6.201345063377979,5,4.664637634688253,681.5218190485413,5.254126746650276
277014266,,1.3802715503284022,2420.060112669938,0.125,751.5701519658824,21.195076867525014,20,1.3794299611285972,749.0118224512854,17.086929982458514
367102581,,2.9820713035621575,2718.9232567226663,0.125,615.2292712980721,19.85625472565783,8,2.9820713035621575,478.2887915492452,15.35839401046483
300810086,,0.6679751229278215,1571.2285505432887,0.041666666666666664,357.69095882745916,17.319687678636328,32,0.667959640576126,350.1017429031378,16.96283795980744
233684822,,4.67771323325018,1685.4997022300495,0.08333333333333333,715.4116881802721,13.204488922792965,6,4.678345648280906,717.811753917478,11.473100534099125
313675203,,2.5056956683680234,1600.2049458602542,0.125,423.78891658499776,12.125038319245089,8,2.5056956683680234,324.30383757516523,9.2755685134237
350445771,,3.189830810812931,1326.7992013876708,0.0625,3077.7898828730163,18.272148623948222,7,3.1911948735980684,2446.7892467551933,14.315816913236157
71854732,,3.1025731923611977,2884.8486324708892,0.16666666666666666,13160.14067349985,61.25633043707545,9,3.0986627542017384,11121.503148300266,44.146307420684394
292321872,,8.667153431454924,1794.1594978699768,0.16666666666666666,3362.1875868928882,39.168030751504034,2,8.667153431454924,2249.2588993092895,26.20329220612976
399642071,,2.292862612297393,2307.9260059936,0.125,2616.006568565439,15.312317759206591,10,2.2913123230224537,1833.1094841652346,10.62160382476873
284747017,,1.797000500526645,2475.2782526908773,0.125,1971.6986258724226,21.693256241946564,12,1.79870902007992,1506.3483245838463,16.486436400575766
285233023,,5.7230991177751545,3439.2578918207114,0.125,3417.3253660603764,9.293252679729942,3,2.8529741976099476,2511.5348894515246,7.9207869594760485
296898634,,2.8559453776693977,3340.1306838821943,0.16666666666666666,13525.32149931902,15.836779613981633,10,2.85483824302534,8643.707604551237,10.10899417822554
9033144,,14.144818518169116,1358.9970641630914,0.08333333333333333,5076.847068291973,61.67169552295849,2,14.144818518169116,4946.5920808835,60.069124554672904
307734817,,2.106963570360639,1900.9139084861238,0.0625,3870.97775394847,31.38782326902307,11,2.106963570360639,3501.21667356676,28.20943894916088
132534906,,1.530857558004696,2965.3299486413234,0.0625,3898.012518064982,17.97524738958716,14,1.530857558004696,3390.554582114262,15.545450505784874
7624182,,1.1071399713382364,1411.8345494669254,0.0625,798.6578303715328,36.08221058607425,19,1.1082220588977039,848.5247590025189,34.53392518805323
162246865,,0.5652350405149442,2282.2227024680865,0.041666666666666664,505.6696340603865,13.526939613892836,39,0.5652350405149442,487.08574539444965,13.013684483398817
118021229,,0.8839105506403597,2229.9085097607403,0.0625,853.0317142045873,28.68345448223947,26,0.8839105506403597,828.2015652988836,27.86770656902744
444413256,,4.009144302042516,2885.6637510934715,0.08333333333333333,6338.353991809869,31.258832059286405,7,4.0100266133234115,4901.865288238135,23.988925115494435
363260203,,1.204287191194526,2282.9972784685583,0.08333333333333333,516.3660502883872,27.300969686592836,20,1.2044422874784615,427.8282334177409,22.812432431570038
184952758,,4.107347136390728,1519.9080823680074,0.25,751.5753421795724,33.565509408970264,5,4.106739227570584,553.7896794070623,20.07896656598993
141776043,,4.060673141454354,2232.7190301017267,0.125,3192.2393889073014,32.24476077494629,6,4.067270714025077,3021.2404283902356,24.7917464782211
412961700,,2.5185273089221694,2230.3467244452104,0.0625,494.94541497002524,43.64016507458055,10,2.5191608347354726,429.13853763601685,37.84788101324175
355732304,,2.54076163047662,3480.3429631917916,0.125,11952.939659805606,55.6280735155865,7,2.54133857675538,9733.323896104423,44.10759449483584
220396259,,0.9169174748380717,1386.797582204489,0.0625,395.01981806695153,13.524903304794845,20,0.9158963063934118,442.83855703345836,12.467066283563998
192372961,,2.0641724199853186,2883.886712660683,0.08333333333333333,611.1536367280136,24.474642312947438,13,2.0645190873002943,474.7416100130376,19.006220466261837
89876424,,1.5372308183584138,2797.312489157593,0.125,7164.383212300481,14.527206930500386,18,1.5381655770260523,6827.810901764871,11.358040088369387
419858461,,2.5443194699574923,3041.974158909036,0.08333333333333333,48677.10023666856,41.22813403384014,10,2.5443194699574923,41524.06430262226,34.79898112735667
167418898,,10.972884476443497,1335.770643485378,0.0625,1017.6565704060935,7.975579181924061,2,10.972884476443497,918.4699049321509,7.199470722881771
419419534,,0.8403505593241247,2964.2948505650866,0.041666666666666664,1169.722856879253,16.429803757863017,27,0.8403505593241247,1146.48478216613,16.373817645103674
172110606,,2.02024190321567,1844.3886399214653,0.125,262.0740278489737,13.943936206902345,12,2.0192602658595287,259.9825799059238,11.285272398781416
361998994,,1.8491901575766678,3015.1018024126397,0.125,9559.918053275505,23.999596389502003,14,1.8491901575766678,7214.391610171974,18.16341175483109
412257781,,2.379588766797598,3667.657561189942,0.125,3984.402258738552,16.475358482854393,9,2.3805751438667793,2951.927852841428,12.204978577652602
458856474,,6.073775411116103,2286.20885966636,0.125,13484.073862906298,180.8679905090861,4,6.0724886360540795,12848.563670536683,174.0863790552936
119081096,,0.8369186352895953,1518.1218651954534,0.0625,1053.2625556106595,7.926168495744099,22,0.8369186352895953,979.7011166923825,7.418396822809673
180987952,,1.3895058221745555,2256.2546874543514,0.0625,652.9769089397165,21.033980169010487,14,1.3895058221745555,552.3264401762002,17.806345827795006
120602501,,14.861721395823082,1745.7857024862024,0.08333333333333333,6602.878573616482,145.15850702155288,2,14.861721395823082,6551.149774233825,143.86491032674172
242536549,,2.80157969389427,2336.870586788028,0.25,629.5634558968934,29.44603707428214,9,0.6927225372857575,732.091611385904,31.16807024969689
458857720,,1.3092253061474108,2282.742175421678,0.08333333333333333,1622.58935582323,47.38941273086637,17,1.3092253061474108,1359.7963124987841,39.18868873869788
136971594,,1.2554683163604035,2797.5243178807073,0.125,159.08747639187035,9.447237342222968,21,1.255557334593772,158.88982457895534,7.73827837023881
353367071,,2.376219305648947,2474.9724098146658,0.08333333333333333,1765.3325725047414,42.265086093314764,9,2.3746119484481607,1431.9057520073304,34.33512335004407
37575651,,9.599906655660787,1521.9101192077603,0.125,1270.2840238647852,29.503648379615047,2,9.599906655660787,1018.4994493711536,23.622720993793514
408549705,,9.505186045078185,2915.1375821607376,0.08333333333333333,9963.433093496882,20.201455534411362,2,9.505186045078185,8167.9271651003255,16.60666326185186
138017750,,12.367243389022107,1799.8744863087936,0.08333333333333333,2979.458321352365,61.89984431130977,2,12.373044006269268,2729.9702914341588,56.78905885513617
233503636,,13.496213813052293,1956.5244886730245,0.25,1354.4183309578787,9.239097228127942,2,0.8576777246170147,758.5979566073237,5.785510287608254
143350972,,1.0820927384982664,1438.0467902837765,0.0625,230.77186043438556,22.108594515302602,23,1.0820927384982664,231.60619956188452,22.27093713962369
387079085,,2.385301538648818,2335.8774950933775,0.125,3038.4637271242773,122.02210205415601,11,2.385301538648818,1825.8696501432726,71.78792118347367
371711170,,1.735706916907929,2745.132982452748,0.020833333333333332,1310.5163501160712,5.076392670905969,12,2.0425786050006596,1434.7438361404998,5.071498225793784
302659412,,2.7249492842414575,2283.6154011706503,0.020833333333333332,371.0613438436114,5.537346758899468,8,2.7249492842414575,354.6669575984995,5.294616361284257
387664866,,2.655099098243341,3369.417008115568,0.125,760.7566889251622,30.78821157368281,10,2.6569030961849642,763.4457154726388,25.09869341605599
59859387,,1.1210958865395613,2201.811670184348,0.0625,1499.5010845224447,39.2264229136979,22,1.1204295840051592,1388.5372132396806,36.45641676430899
424699834,,2.4018706043063514,2826.1776527578922,0.125,2104.739394700208,11.520009561031985,12,2.4018706043063514,1669.0215579708745,9.111367463695922
49705089,,9.616935710594099,3674.6994168466686,0.25,3799.2566940694023,16.275732963225835,2,9.647358629390045,2435.2508370267283,8.511768980761927
391821647,,1.9975193638947064,1325.5920301272643,0.125,581.4964899375448,9.692643165840353,13,1.9975193638947064,468.9778092735961,7.85788251748136
237200747,,14.30607685004965,1687.0512247743707,0.125,36082.076495337686,200.2332834552913,2,14.30607685004965,36011.85613710322,199.97901737029846
326919774,,13.045562397282854,1773.0366871387512,0.25,406.5670561056945,16.065353143168135,2,13.025600248046482,280.0784979307925,10.971805015777752
229141709,,14.202953026250254,2092.6366460108306,0.16666666666666666,64408.14092887476,384.6358781085919,2,14.202953026250254,64027.32756652993,381.99330384861594
344085117,,0.6597650107300916,2964.2377833065652,0.041666666666666664,921.4982672606808,9.610870508600062,32,0.6597650107300916,894.861699678279,9.27683081206252
306547699,,2.6986530856332567,3041.6592538812856,0.16666666666666666,44348.453505061574,40.82756308165619,10,2.6986530856332567,28483.403370068587,26.011271043105967
407146538,,2.0970418394237336,3069.7688842444186,0.125,2460.860399710866,16.031409329890774,12,2.0970418394237336,1965.1393931600087,12.834190179875185
237751146,,1.6688876702395465,1469.9166896041509,0.08333333333333333,14556.468504361437,18.592526694474035,14,1.6699900280722082,11914.334296115847,15.205952847501102
412259468,,2.653478554075412,2229.684914308202,0.08333333333333333,1447.4299563793759,18.808952871015148,10,2.653478554075412,1213.2030306913011,15.710027414995775
197959526,,0.720009876605153,2061.8758585779196,0.041666666666666664,5089.29021052458,15.341424524942415,27,0.7198423421391756,4808.875638661768,14.821963167135369
231076038,,8.23921877085143,2968.515888605058,0.0625,2316.898904912712,7.766588038561025,2,8.254582276747888,1888.9129705921882,6.33303755487447
399444057,,2.0703269996047533,2718.9023158284826,0.16666666666666666,1037.1995562300924,11.834175459188616,11,2.0689824708517097,805.0539127139035,7.955797246113748
1950736,,4.321654777554481,3236.3216072398945,0.0625,503.519987333728,6.985418065215931,5,0.6977687050404217,273.1899487220037,5.60541970260538
382474101,,2.6520118144353937,1354.5618235965599,0.125,9989.961505920435,263.13988776998957,10,2.6525972134108025,7634.352313199603,201.03819010922683
462162963,,1.3546700314861861,3747.97019760474,0.0625,5164.494891753974,24.137189589213765,20,1.3546700314861861,4648.236304378818,21.636435395675097
113295476,,1.8186864588194873,2964.2117985074456,0.16666666666666666,5315.9530769129315,15.380902614834536,14,1.8159294504469112,4231.079174946557,10.527279795041578
142918609,,14.544971160703795,2236.2628739138318,0.16666666666666666,6749.326937868694,93.8475591475899,2,14.537934428106416,2973.4141544300173,50.78835135891107
253030300,,13.051471817649063,2949.6625930509936,0.25,6482.692743483521,21.915422901984872,1,2.828285917442533,3863.7554449332897,13.57522789062441
306902029,,1.076043846988786,3236.0061886427047,0.08333333333333333,479.3670648541476,11.250190423166094,19,1.076043846988786,463.20450174398906,10.95003633283441
1976308113,,2.7563279883816953,2825.7079820925233,0.08333333333333333,8469.798337131588,45.40896756584323,10,2.7563279883816953,7328.236317816333,38.87747114284609
437156845,,3.4908325821900417,3695.240235082809,0.0625,3742.054751028686,12.066016399402224,7,3.4908325821900417,3159.443197432722,10.18374528543273
274762761,,1.033546179055705,1683.9464593727246,0.08333333333333333,16899.202507479567,26.785591505662243,19,1.032651751464327,12744.510070615946,20.342730958469986
9032368,,11.145788679529668,2089.980702639415,0.125,4108.124640514669,7.179349807447175,2,13.080277961650921,5949.650699182681,5.995400860719236
278726770,,3.151820185667247,3667.8798432773046,0.08333333333333333,625.3094785314823,10.250988221998904,6,3.151820185667247,659.2975396149095,9.315704662258955
373576942,,0.8916290321818996,2797.564393830147,0.08333333333333333,7914.3094009757315,37.63327871871879,23,0.8912251535795824,8185.098856930735,33.510694818771675
93963408,,2.39864827799173,2229.9009841219704,0.08333333333333333,534.8073543101497,12.941879155296844,10,2.39864827799173,429.78623690641825,10.334883235151043
179159972,,1.3731316713036004,2202.360160490197,0.125,745.9684619127273,17.01329852115949,18,1.3724260401871535,762.8224467719833,14.217157688414234
238197709,,13.727375982769285,1635.735543697391,0.08333333333333333,4541.122769779696,37.86334363849421,2,13.72132758956724,3563.96179364077,29.679629438427163
329864959,,4.523239184351634,1739.9678932284348,0.16666666666666666,22765.621968018997,386.060655471024,4,4.522421882001267,22658.491589943962,383.4804041731737
262781201,,1.3188469840310317,1518.2164738396666,0.125,228.69957090813563,11.662334856712087,15,1.3196615624181045,196.60194282127668,8.187603359508598
373785851,,4.038776859364468,2721.5293448359075,0.0625,2222.980745189055,19.49106695914435,4,4.038208045242596,2050.3733561017284,17.857895087510755
179155220,,1.2054319467768377,2201.781074166866,0.08333333333333333,5119.008732652457,96.5259113346592,21,1.2054319467768377,3988.1904178361024,78.19000046154396
330944099,,3.6076809081279873,3371.1613178156126,0.16666666666666666,10488.187523608896,19.87353827366297,7,0.9255840963476601,7117.666081479677,17.007579671991934
117256577,,1.6869813114616943,2420.235331398579,0.08333333333333333,3381.6355584071716,62.86609206031652,16,1.6869813114616943,2892.051462632374,53.05650875991622
106114491,,9.715566853484827,3319.3800235876693,0.16666666666666666,1747.5594361200092,14.796320963068315,2,9.715566853484827,1061.3249583305967,8.982007844357584
184679932,,2.172359453485041,1791.4243043026554,0.08333333333333333,16353.178985552417,417.0647799350547,10,2.1718394683359614,15363.896779611687,393.19621856067164
434234955,,6.054174725391559,2178.5385185863834,0.125,1648.6088997062743,13.668655461667308,4,6.063227169354684,1222.9906928862445,10.13229644136819
289988797,,11.482819937578862,1573.503333164807,0.16666666666666666,13414.618587956204,129.6378612826151,1,11.520230427902177,12096.664532685458,100.98512406282273
143257766,,1.6619559425454238,2037.1090625846161,0.125,5464.155328278404,84.27235280072115,8,1.6619559425454238,4207.396571473317,63.39829254942366
31268146,,6.290472310216801,1412.0712504590551,0.020833333333333332,854.4686523388201,6.020128835372422,4,6.290472310216801,803.3091112032507,5.658006666759143
416624606,,2.5141475549398424,2799.177862386874,0.08333333333333333,1540.6153628405475,28.764594143553236,10,2.515576214655623,1558.7532528389277,25.09166523840867
347098457,,3.151682958874638,2230.206155183719,0.08333333333333333,1623.403403458619,24.37227417201245,8,3.151682958874638,1316.2518003100445,19.806639780383403
298495970,,8.423278047003905,2747.2628338652403,0.0625,16498.344858610326,109.94436370748232,3,8.423278047003905,16345.37734237583,108.86972401731668
373424049,,1.9214598407190444,1544.4648481003887,0.125,245.14543783958945,13.69259831775544,12,0.9607730419783154,226.60963839004611,14.68518089462533
417705690,,2.3565313539353467,1818.0367376269462,0.16666666666666666,780.8949102550318,25.63764098134108,10,2.3597011605426204,518.4016378628705,16.931251846750385
41422753,,2.472740722206355,3313.584037493219,0.125,5765.810169071228,20.30577960687118,7,2.4713124673337794,5645.662697755162,15.972314017427237
17129975,,1.5144271098674753,3340.480067310471,0.041666666666666664,5152.7218038137,24.8120201812726,17,1.5144271098674753,4651.924281715738,22.41133070901873
176279915,,3.437462259963253,3209.456837920449,0.125,2185.391321338496,16.961599747658266,6,3.4366289292895473,2050.839730899103,12.943772217243229
308307606,,9.886821448673185,1417.493131179057,0.0625,10658.769959682257,12.650433542274202,2,9.889982290262152,8959.703954241693,10.626083745825785
382391899,,1.9551407804742702,1411.0931138728756,0.0625,16348.650748421154,189.9615952245655,10,1.9551407804742702,16205.564262593789,188.24435571371822
26584326,,7.496065798108517,3315.5875415114997,0.020833333333333332,30315.620431995554,5.676234017742786,4,7.496065798108517,28887.33954581357,5.407933047370356
151920165,,3.4661471488340285,3014.895819462759,0.08333333333333333,4664.407672570857,22.999996834527142,8,3.4661471488340285,3746.0435692767664,18.427825830161755
79748331,,12.223818431900304,1664.4936177810735,0.08333333333333333,1125.7524022403124,11.190991614347594,2,12.213346374756373,984.4616292409843,9.632720130855253
349986198,,3.434338638434181,2528.037253095911,0.0625,1724.6574517544475,6.108746598221181,6,3.434338638434181,1506.8060599539187,5.325918335781472
248853232,,3.8684438310911156,2798.7750751368894,0.0625,15878.769920493376,364.59821485113736,4,3.8684438310911156,15855.43813222667,363.9269450669825
243200602,,11.552106985606466,1607.5839408918998,0.125,9698.363454031003,101.7403058686578,2,11.552106985606466,9655.703385238248,101.24950099848536
4610830,,3.9343396872830008,2450.7778120717144,0.08333333333333333,1293.8263261935617,7.3484334296242455,3,3.9285360144749295,1346.3290211491408,6.636589601039286
98796344,,8.646448901915853,1412.753265584793,0.16666666666666666,1798.060220637353,29.52584463450932,3,12.934305529726581,2873.937436197109,45.490324595080786
268766053,,3.3102684851862705,1386.2295322658015,0.08333333333333333,16087.142182140007,113.24097870434134,6,3.3102684851862705,14199.464096472915,99.78852906405663
332558858,,13.328376908622271,2155.168949717591,0.16666666666666666,9075.294412235422,26.993061301154903,2,13.328376908622271,6223.255097957221,18.382113973080624
388811663,,13.9785739599064,2461.384356577536,0.125,2847.2954125848632,9.38788977928575,1,9.311570117079244,1787.5961070684702,7.217694751780032
271424111,,8.785779063726862,2395.8178164141177,0.25,74175.65171783385,48.085193648659875,2,8.785779063726862,41161.817753093565,26.580814658119856
91555165,,1.0520380178834199,2116.737021421233,0.0625,320.2666268255263,8.033513423050042,21,1.0520380178834199,331.05284385947925,8.325268216062312
125739286,,4.511228039682922,2338.018916634713,0.16666666666666666,10050.602757422384,158.8303293355357,4,4.509999035481763,6855.424421806132,108.18006687611133
272213425,,4.325368406573281,2310.3190801655423,0.16666666666666666,5950.542524980381,74.5454586209268,6,4.325368406573281,4039.0305924763734,49.954844596740266
251848941,,6.558485511899449,1360.2399314139243,0.08333333333333333,1363.4617495997968,16.55035493559626,4,6.558485511899449,1187.3087416091926,14.424617571928673
237920046,,9.117304948223728,1328.938225842151,0.020833333333333332,3040.7924943340367,6.119977144374033,3,9.117304948223728,2746.9223262061273,5.522834929551935
467651916,,3.981854189350585,2476.7338855189164,0.125,480.7442235989294,25.185477464036175,5,3.981854189350585,350.9033753437183,18.290053318630168
100990000,,9.569863397579692,1386.1947248683703,0.16666666666666666,314.1182446548127,15.665589094338673,2,9.583803544958732,267.3505161415368,11.518212426534067
94986319,,8.037594238857354,1440.130308963341,0.08333333333333333,1814.4579179324894,33.98620188337165,3,5.350569147175119,596.9695576380158,15.866925165546402
335590096,,1.5226143249773127,3015.3733005041963,0.041666666666666664,50177.22054562232,85.85185746627319,16,1.5226143249773127,39685.619488864744,68.1157745777929
150151262,,10.491812401460555,1394.1150317840747,0.08333333333333333,1293.1718270149331,14.598355213853349,2,10.469550855305945,1052.3285171992932,9.962359431513738
12421862,,10.208674394291513,1356.3693917625458,0.08333333333333333,969.2548220823047,13.688074963657241,3,10.205784449761355,861.6663221099105,10.557144855769469
112099249,,5.181964182185022,3044.6924959475095,0.16666666666666666,7076.760368353689,50.925072167267174,5,5.181964182185022,4887.422029082116,34.67035476470883
404421005,,13.877847580410203,1571.4169966203272,0.25,1612.7543273811148,33.565620020730776,2,13.817437682541025,569.4831409964985,11.898164087658893
258776466,,1.6773202230670805,1684.0245427130537,0.125,796.9573907218702,5.677914956820518,16,1.6260891173810315,1890.1452793485669,5.49686653910735
376353509,,7.3356530233785655,2720.05038383856,0.041666666666666664,1004.9248995147178,12.373366462399213,4,7.33190130010437,830.1177641511428,10.246055758752563
14344979,,4.11256292076475,2259.9706741794093,0.0625,18395.759331151305,59.53796743557264,5,4.11256292076475,14330.62266067176,46.21829230998344
104866616,,4.461109000857782,3481.3609283168175,0.125,6894.464058226867,58.15079961114015,3,4.461109000857782,3870.650531931243,32.62157452345776
389352124,,4.954604006554876,2038.7589088288946,0.125,6481.490022412302,185.76525714469662,4,4.954604006554876,6427.736841358774,184.40134834709394
299220166,,3.217257350961062,2390.719778058166,0.0625,14633.912633327447,14.365669106329666,7,3.217257350961062,12854.39827393085,12.614371760050279
123233041,,3.5238711456731733,2392.4642956680855,0.125,7711.694144833738,27.977785432636303,8,3.5238711456731733,5937.815564562231,21.33911724253977
50712784,,5.406422769470277,2232.812568840888,0.16666666666666666,6095.327367267045,95.24502799813173,4,5.406422769470277,2556.02004824728,39.794609914210014
220479565,,3.695962847371623,1389.2430954879508,0.020833333333333332,4808.312818390169,10.61623627378709,5,3.695962847371623,4539.399689201515,10.038505421560167
14661418,,4.722246896494315,1575.7131455090694,0.08333333333333333,18363.223772188037,66.68541154995539,4,4.722246896494315,13594.009428259764,49.42198609982174
17409453,,8.158216277995356,2476.308647244528,0.020833333333333332,4021.7280239895463,5.91187260849318,3,8.158216277995356,3932.603733160171,5.765402904240053
394357918,,4.901814659378263,1326.787068471288,0.041666666666666664,11352.951552453727,9.826319157739558,6,4.901814659378263,9979.003146040219,8.66277770453554
15692883,,5.147762546198628,2856.178717855916,0.25,3204.7335363126044,118.22414440310475,6,5.145094111705623,1398.0985645254789,50.67248359680066
154089169,,8.969442788676162,1690.0561892108403,0.125,919.7495013705108,13.274406414658538,3,8.964795322236352,858.3261327376817,10.126377665345807
203189770,,3.6133291774855554,2420.2411527432987,0.16666666666666666,9225.157697542523,203.65194500512433,8,3.6133291774855554,4098.7623539049255,90.68689359243994
299161524,,6.555286584047242,3287.1856018305193,0.041666666666666664,20837.40070650573,5.6919595916091605,2,6.555286584047242,18382.24107657556,5.016574637963927
138820713,,1.927080893882208,1900.386091320884,0.0625,744.1006032526439,8.54224767194614,12,1.927080893882208,638.8006969070134,7.310934982816668
259506033,,1.9021920830798638,2913.319369245317,0.0625,9981.310037377481,49.10893340532598,11,1.9021920830798638,9007.373626955854,44.31841297241187
264508014,,3.310153169449219,2422.51474880316,0.041666666666666664,6421.869751855663,8.758745989170237,8,3.310153169449219,5865.107558787904,7.98817282221894
142748283,,8.833947980623964,1687.51946983109,0.0625,8366.751831134605,8.938939186993032,3,8.829440049049865,8368.085836886014,7.20796510839314
46020827,,9.389563244571638,3775.438574161069,0.16666666666666666,5238.9494838201035,60.69650074358006,2,9.389563244571638,2483.241161694811,28.7728394780083
139285832,,0.7769128781995548,2062.4470365742272,0.0625,1118.5782506581932,15.862754544855639,26,0.7769128781995548,1044.6833086079278,14.839504244015455
272212970,,1.6089996616450313,2309.5155875755054,0.0625,10733.146368658916,38.849147848667485,13,1.6089996616450313,9667.136189106925,34.59979043698397
371443216,,2.8244221259572013,2282.436616286751,0.16666666666666666,7065.270101091328,546.2588205026342,8,2.8244221259572013,7065.057458787897,546.3121790186937
150428135,,14.813000171376041,1340.0871616816696,0.041666666666666664,2970.559531953589,9.812865452229769,1,14.818883414492943,2623.843297056663,8.649660112003453
317520667,,2.465215497508157,3480.4290186330068,0.125,11664.907543251265,183.0709878805206,7,2.465215497508157,9105.01214493217,143.1346917956821
318022259,,6.2226735935328295,1844.3797427025331,0.08333333333333333,1648.7239829732878,16.428419666047493,3,6.2226735935328295,1402.7963180284607,13.98057813904821
183537452,,3.9231381911636585,1356.4129154222455,0.08333333333333333,10590.340678148777,168.3000886120232,6,3.9235651655330535,10021.202091498104,159.05487703331085
305243225,,1.2128379875306083,2770.5202103447623,0.08333333333333333,12754.433032159175,138.99168539477728,20,1.2128379875306083,8644.217260080912,93.20575332749065
61205803,,4.2192260842542355,2855.3616760519076,0.125,16233.015913070112,69.43657800266158,6,4.2192260842542355,12566.32220537581,53.63695254816005
212253390,,3.091921915428881,2038.1070568296177,0.08333333333333333,288.2292514883337,8.946397445089454,8,3.0909155830788584,281.6742224838526,7.559581751303343
158623531,,7.872601044442177,1355.7321749482792,0.125,13868.335938165355,131.082421917695,4,7.872601044442177,11377.01065266148,107.43361116467771
280437559,,1.8234305548351997,2230.14310052349,0.0625,1456.7227642126338,25.68864169428273,13,1.8236542582083213,1287.4025684278163,22.715346374303056
343628284,,8.11166569282054,1713.3334771949578,0.0625,5834.497567606295,6.548149633195462,3,8.11166569282054,4840.721534588932,5.447646324259268
147797743,,3.69133142531675,2582.2964731562797,0.08333333333333333,15241.914271299855,190.1747033074139,6,3.69133142531675,15149.456914206325,188.3194977147743
142211778,,3.0528784740024837,3016.8438257398866,0.125,9965.655008231572,19.012357291422205,8,3.0528784740024837,7223.02409674452,13.832926985327092
431701493,,3.0928398910343664,2825.799504770049,0.08333333333333333,24864.31024426732,255.45217449525543,9,3.0928398910343664,24053.52005506688,247.83900718633382
176685457,,4.4343810539677415,2259.637616261542,0.0625,6280.069983258994,22.41975992847883,4,4.4343810539677415,5472.6796968583185,19.45614646631034
408618999,,7.072157733901875,1792.793346623096,0.16666666666666666,420.981732376435,19.885893584202353,4,7.072157733901875,283.0573870144006,13.341738875747103
441739020,,4.431230528921338,1715.2365990457708,0.041666666666666664,393.3131670520637,6.021837155443385,5,0.8855403003964774,156.29418165229646,5.7241760230966054
328513434,,1.7908978777251878,3286.3388277420204,0.041666666666666664,60408.68496735525,32.13518734347791,9,1.7908978777251878,56201.85810382145,29.81745016628941
151825527,,3.6339187303838827,1546.480087013076,0.0625,8026.245136892772,45.29612056078762,6,3.6334452518445977,7125.649797990019,40.283778742557125
138168780,,3.7653679198281194,1817.5835334150245,0.08333333333333333,12965.17469672563,233.32824398190658,6,3.7653679198281194,12776.884139104552,229.74010198413023
122785299,,2.2198361082674007,2392.1333936795786,0.041666666666666664,10936.33791280361,6.989554013427376,13,2.2198361082674007,9846.532517746424,6.285666351018519
441738827,,6.075747440934077,1741.072892904682,0.0625,3678.9228835430577,6.629602256725086,4,6.075747440934077,3155.2923727773364,5.688805012858807
138294130,,3.0567861674413823,1955.9156667055724,0.16666666666666666,7477.442576512146,140.79543754855263,7,3.055676466420979,2650.6828999137647,50.02934559628565
269269546,,4.451236854558153,2424.3879643424166,0.08333333333333333,19708.875765877816,9.867338086605525,4,4.451236854558153,16463.21148110385,8.225986240756484
403224672,,1.0078263141568624,1325.539295222669,0.0625,209.74964349303917,24.584501479927972,27,1.0080713782004564,187.66926796715288,22.02040166314525
88992642,,10.278346205097938,2013.2598128018856,0.25,1793.4780935827448,80.11376331921399,3,10.267679062860099,965.4769190422684,42.18575671653626
268823307,,3.5487319156036516,2423.4214241272366,0.16666666666666666,6827.546532495927,33.06951100143373,7,3.5487319156036516,4532.049849163482,21.892387676203256
268604331,,5.013690135810502,2423.83188804176,0.16666666666666666,4874.622434528471,10.545869394005567,5,5.013690135810502,3460.4429786234105,7.483499924696523
386259537,,5.6100581853504075,2234.5513793732316,0.25,6027.465766076633,67.80094022744693,4,5.6100581853504075,3872.324495567713,42.60382036303623
53728859,,3.2570796139726794,2853.9241985452104,0.125,12770.606074558858,92.97637991769109,8,3.2570796139726794,7136.147369614189,51.60198185852596
384984325,,10.80086893739754,1791.65122217205,0.25,2478.85197036891,31.239873430755946,2,11.035250308481306,2543.4661024059787,26.145299689170677
176899385,,3.853282579826124,2853.7028672480883,0.125,7599.01995454571,186.7286340687361,7,3.853282579826124,6372.986877604179,156.72231864977743
288144647,,3.856314103282347,3585.1220721239633,0.08333333333333333,6852.609010649128,23.27512272863163,6,3.855379800093007,6561.23328551293,19.30374404948682
399954349,,10.558717555391942,1687.4308090896636,0.16666666666666666,1336.5840129106966,9.770254054727822,3,10.513804677275775,1167.6742229996912,7.384214150194855
99224131,,2.6914594390096336,2422.2436901416995,0.16666666666666666,6305.059841801353,158.97447704115604,9,2.691032570966832,2307.418298512685,58.29223827094777
69356857,,4.096659650176157,3316.7509590132813,0.16666666666666666,5370.466972110717,32.51705104957363,5,4.096659650176157,3405.6362577607156,20.482821302598605
44745133,,7.830046432394859,2150.6331285041415,0.16666666666666666,4587.7529679503,14.171653736443572,2,7.830046432394859,3106.601553588942,9.606447484895671
101955023,,1.6289246112010527,1544.7183532585552,0.020833333333333332,2661.5982678280634,20.63715828802126,14,1.6287351599407172,2534.051363756727,19.62705773607381
232982938,,9.093059297605508,1936.2748974015967,0.16666666666666666,2778.6234446031976,28.8590854246379,3,9.087573422736412,1615.3788465216323,16.826749407190785
260647166,,14.187334064681838,1571.3327731604609,0.16666666666666666,851.6840013251405,24.47755546205189,2,14.16660058102778,720.3596735021353,17.955833774945134
374530847,,2.1521606850134045,2770.23113909402,0.0625,14094.877046353353,138.4498922105755,7,2.1521606850134045,14025.214993973612,137.47695136873995
9828416,,6.2031580213746835,2719.048189159977,0.16666666666666666,3332.7134209058436,48.04689017663139,2,6.2031580213746835,1723.1935096862674,24.71860906428041
291685334,,2.0320927016274832,2853.8532380928214,0.125,11566.297786726584,92.19518958476333,12,2.0320927016274832,9598.325540602755,74.8178657967537
306648160,,3.6527431183279044,3098.663743114245,0.16666666666666666,8291.961469413338,153.95559279374731,6,3.6527431183279044,3258.3060977926925,60.337595752043974
355703913,,2.106342761190375,1326.103050661859,0.041666666666666664,9874.73378284396,25.65421769114245,11,2.106342761190375,8734.780505351491,22.59241245307129
445751830,,3.4392126776716503,2911.6674880183486,0.041666666666666664,30573.964083069666,58.999906597868026,8,3.4396049305832914,18503.337603153694,43.85132181636457
351601843,,0.6047665925634926,1654.2514196725492,0.041666666666666664,866.2344030426066,12.983153866921084,33,0.60480428636733,843.0892063889154,12.639789788472454
83092282,,6.404347624075409,1520.6884321516204,0.125,3716.693274453225,118.30172516653427,3,6.404347624075409,3377.776083884057,107.49372783346074
120692092,,3.4051462348521007,2392.189541835967,0.08333333333333333,5260.60566802726,7.975033898663923,8,3.4051462348521007,4710.163465898073,7.147913666972842
287139872,,12.549456018998818,1685.066493717599,0.08333333333333333,2776.0815181743114,6.731159740360078,3,12.549456018998818,2385.462415955073,5.785828587850751
22221375,,3.9844685706268805,1547.2365084365433,0.08333333333333333,369.993694625061,25.191875421672027,6,3.9844685706268805,306.9017200535947,20.87270214351501
339672028,,10.340793188810647,1470.3101713260035,0.25,3720.5758785546445,98.35048669921392,2,10.340793188810647,1626.9807919729933,42.99577400859402
142532090,,9.303053922739517,3667.0763850970197,0.16666666666666666,2900.209511193589,13.92403710364196,2,9.303053922739517,1786.9097232173415,8.516440539054171
39699648,,6.526740041256349,1875.9991142937663,0.125,421.48392721502825,16.55771541739578,4,6.526740041256349,304.2495915996642,11.951189459619144
85593751,,3.7222155655751985,2450.0123702289798,0.08333333333333333,18459.40847006015,167.19686195587636,4,3.7222155655751985,18368.86143363272,166.0505521894344
393831507,,4.860553850352781,2641.885489883649,0.08333333333333333,5462.2666083396025,63.57850707547203,4,4.858031880081756,2343.062730933469,33.575510889244164
26054627,,3.319398757764911,3211.9424072640345,0.0625,21678.698367384295,31.00582825520032,7,3.319398757764911,19068.910304328445,27.27417381737255
149918151,,1.5407828179103666,2420.3171025970532,0.0625,23365.23869969144,93.85676594211317,17,1.5408527794371532,19600.99911226376,77.65862296108413
294301883,,4.465640078967797,1573.6148310374303,0.125,15970.105367879458,140.17005102731773,4,4.465640078967797,15929.118318179422,140.07990922314517
166833457,,2.9626154647553373,1413.1663707237724,0.0625,23238.945117832678,94.51460720947219,7,2.9626154647553373,20684.03135455257,84.10269696162148
166739520,,10.015409151295525,1357.5752592389028,0.25,6687.512365894877,158.761699569422,2,10.018192224004618,6632.675660016596,157.20933919793913
28900646,,0.6692341825635227,1816.2230476752516,0.041666666666666664,812.3397113456525,12.405792831065941,36,0.6690114554681946,772.6061443096216,11.770090703775836
52204645,,4.378183080929795,1325.8876821681818,0.0625,913.0485787739174,9.157329683529339,6,4.378183080929795,626.4846182350086,6.2901381097204165
175236511,,8.887825895463424,2505.7519455448596,0.0625,2405.2888720132523,8.021883892148484,3,8.887825895463424,1864.6750576269326,6.214663499728968
126606859,,1.1591124616654005,2420.756221701893,0.041666666666666664,3174.80335531784,11.308536824740168,22,1.1591124616654005,3048.2927188743647,10.860205813432161
160578764,,2.8788260249199364,2335.3401419618626,0.08333333333333333,7834.544691183534,50.14116951810725,8,2.8788260249199364,6801.547521165281,43.39734721638964
440777904,,3.3559225042130927,1495.0478455308923,0.125,10649.20107201577,121.42447728000897,7,3.3551235903649523,3374.099339333382,44.861358995994216
170102285,,2.944424728190905,1470.661694852734,0.08333333333333333,18360.106654515497,147.4742679787585,7,2.944424728190905,17705.55490038675,142.32470406530442
166648874,,9.72482329413054,1905.2361949574617,0.0625,5168.088996449331,9.71140910192601,2,9.72482329413054,4435.021431719757,8.324449608063977
363548415,,13.217658251506272,2526.6071536429367,0.16666666666666666,6153.276344260619,20.219402585766954,2,13.217658251506272,2626.88680610639,8.644116390752824
234523599,,3.7960725851028134,1325.6483097763846,0.0625,48809.527418225276,61.66364982261822,8,3.7960725851028134,39944.61691567288,50.41872155553423
286201103,,12.69147012420202,1717.7862385754797,0.020833333333333332,5428.169788060458,5.958055787679668,2,12.69147012420202,5304.210800844848,5.825557936545279
352682207,,5.412634076009866,2720.202601536362,0.08333333333333333,4477.314004212203,24.440990278256177,4,5.412634076009866,3671.034887277119,19.88981001159803
169556484,,9.47683379152877,2774.060153214909,0.0625,13327.02077528983,6.034014468192104,3,2.6949811108219106,7246.3803625203545,5.277506236275773
317060587,,3.050088175188252,1326.830011941924,0.08333333333333333,244.40270011519797,8.89191682391589,8,3.050088175188252,184.9472855994184,6.7321693940841145
102713734,,3.3980293044010916,2913.1392731641604,0.16666666666666666,8587.4311945624,147.6674264555429,7,3.3980293044010916,2916.9053345410684,50.22591338733513
420112589,,7.481195055167236,1687.6534709068771,0.08333333333333333,2681.8718885874546,7.539312751435478,4,7.473117128660255,2742.6890186632945,6.699745392617676
159951311,,5.92500392360178,1387.565927672503,0.08333333333333333,11551.463845309381,69.96120847079202,4,5.928563294909465,4645.011773583997,34.491479904308896
139375960,,5.333527588287898,3611.399924018559,0.25,3625.082419980166,73.10099067304331,3,5.333527588287898,2100.5120331476305,41.80157243479073
188589164,,2.6167116465783646,1956.3944914487497,0.041666666666666664,1098.339702473914,13.214917419253283,8,2.6158984430682013,1003.7743049855159,12.039589265825184
418761354,,7.126306360663442,2448.816011601172,0.0625,1148.4878816961143,5.671247101096556,3,0.8357694193057695,422.49831322715124,5.109481781167118
57984377,,2.5196621928703538,2854.5493627560545,0.125,11706.787582810688,178.03964223006622,9,2.5203020016460616,3909.963683668206,69.33265187999123
398895470,,2.6943725360865263,2771.1877207961966,0.16666666666666666,10428.519531946135,181.29696281493182,6,2.6943725360865263,3577.325292964785,62.93184434647695
92226327,,14.138003609281153,1399.928965292972,0.08333333333333333,5304.561132322655,19.773491267953215,1,14.037448015771067,4838.848882550731,18.05461652019485
437011608,,13.357671630871485,2508.1081542770853,0.25,729.915546597505,27.23540461666552,2,4.242406195819879,619.3202306243471,22.047667804789132
391880567,,6.205102226330113,2774.3275093609427,0.08333333333333333,9902.433849428913,8.483270557018502,2,6.205102226330113,8183.099540447845,6.994891947506519
120317234,,6.887890018616696,2397.268581962904,0.08333333333333333,592.0006919994669,7.302042797605496,4,6.887890018616696,480.29149144057743,5.923998955505597
347329162,,4.616843754225633,1902.7205203202557,0.125,10502.544706359764,105.91231065024328,6,4.616843754225633,4727.912069557759,47.5810239682632
120960812,,12.749035541086881,1687.700462538452,0.08333333333333333,1217.6095968442357,10.467686048420406,2,12.749035541086881,971.7500143361058,8.3312037078484
428679607,,2.678791251346378,1816.953710936364,0.0625,425.3683070153376,10.046085192873814,10,2.678791251346378,377.6132918952068,8.881540197866855
261867566,,3.7398706339336396,1628.350608438985,0.0625,12978.414110206239,107.22664419415229,4,3.740244044103806,12847.254763894965,105.90072403559911
306362738,,2.781779224258127,1470.820147965497,0.0625,11841.245030093029,132.92360257334386,7,2.781779224258127,11747.115384505714,131.63069457722514
118956453,,2.3444809421000565,2256.1569293741777,0.0625,14430.543511862339,101.21837802217169,9,2.3442843614568676,6421.450489524714,52.255792566450836
392476080,,0.6725174179936572,2718.7294436100237,0.0625,5538.575759507749,172.07025443458338,25,1.3449283259052869,3024.2293011330553,71.97038576598767
63211674,,5.881427014655121,2394.9411366617387,0.041666666666666664,4264.313638430519,6.357466223865733,5,5.881427014655121,3676.5497993493523,5.471201849219007
258510872,,6.546084199165266,1958.2524437725726,0.16666666666666666,5821.372387588571,38.32939015017825,4,6.5422683487610405,4909.602415807073,27.746337622794037
124573851,,3.946397465930351,1546.1387194568238,0.125,630.2358377436016,12.102561467655649,5,3.9481196990405496,639.0699651805418,10.015084045137023
366576758,,11.399408980543683,1495.839181760348,0.125,16149.947718432713,19.760452011337396,2,11.399408980543683,11826.261030404274,14.48403876202222
258920431,,5.986104255201497,2390.7389660068106,0.16666666666666666,4306.49752919832,38.119376451368375,5,5.9832894013158855,2317.681832486065,20.475285955473073
