tic_id,status,sector,error
359496368,ok,14,
362709886,ok,39,
117068362,ok,82,
398733009,ok,4,
358072664,ok,89,
359496368,cached,,
362709886,cached,,
117068362,cached,,
398733009,cached,,
358072664,cached,,
318746829,no_data,,
436099179,ok,71,
133505138,ok,9,
289539327,ok,24,
357457104,ok,15,
5772442,ok,34,
103865797,ok,78,
444977814,ok,74,
66151343,ok,61,
440801822,ok,33,
350332997,ok,11,
426077080,ok,39,
35883621,no_data,,
156816238,ok,48,
282498590,ok,33,
324609476,ok,66,
90448944,ok,35,
141631253,ok,61,
219205407,ok,28,
78775584,no_data,,
267489265,ok,15,
233681149,ok,14,
395773226,ok,52,
175180796,ok,7,
277014266,ok,41,
367102581,ok,52,
300810086,ok,10,
48178229,no_data,,
233684822,ok,14,
313675203,ok,11,
350445771,ok,1,
71854732,ok,58,
292321872,ok,18,
24094603,no_data,,
371673488,no_data,,
399642071,ok,37,
284747017,ok,43,
280307604,no_data,,
296898634,ok,75,
285233023,ok,78,
9033144,ok,2,
307734817,ok,22,
132534906,ok,61,
7624182,ok,4,
162246865,ok,36,
118021229,ok,34,
444413256,ok,58,
363260203,ok,36,
359496368,cached,,
362709886,cached,,
117068362,cached,,
398733009,cached,,
358072664,cached,,
258920431,ok,40,
366576758,ok,7,
124573851,ok,9,
258510872,ok,24,
392476080,ok,52,
63211674,ok,40,
306362738,ok,6,
118956453,ok,35,
318746829,no_data,,
436099179,cached,,
133505138,cached,,
289539327,cached,,
357457104,cached,,
5772442,cached,,
103865797,cached,,
444977814,cached,,
66151343,cached,,
440801822,cached,,
350332997,cached,,
426077080,cached,,
261867566,ok,12,
428679607,ok,19,
35883621,no_data,,
156816238,cached,,
282498590,cached,,
324609476,cached,,
90448944,cached,,
141631253,cached,,
219205407,cached,,
347329162,ok,22,
120960812,ok,14,
391880567,ok,54,
120317234,ok,40,
78775584,no_data,,
437011608,ok,44,
267489265,cached,,
233681149,cached,,
395773226,cached,,
175180796,cached,,
277014266,cached,,
367102581,cached,,
300810086,cached,,
92226327,ok,3,
48178229,no_data,,
233684822,cached,,
313675203,cached,,
350445771,cached,,
71854732,cached,,
292321872,cached,,
24094603,no_data,,
398895470,ok,54,
371673488,no_data,,
399642071,cached,,
284747017,cached,,
280307604,no_data,,
296898634,cached,,
285233023,cached,,
9033144,cached,,
307734817,cached,,
132534906,cached,,
7624182,cached,,
162246865,cached,,
118021229,cached,,
444413256,cached,,
363260203,cached,,
418761354,ok,42,
184952758,ok,8,
141776043,ok,34,
57984377,ok,57,
188589164,ok,24,
412961700,ok,34,
139375960,ok,85,
355732304,ok,80,
192372961,ok,58,
159951311,ok,3,
420112589,ok,14,
220396259,ok,3,
102713734,ok,59,
89876424,ok,55,
317060587,ok,1,
419858461,ok,64,
459323923,no_data,,
167418898,ok,1,
169556484,ok,54,
419419534,ok,61,
352682207,ok,52,
286201103,ok,15,
363548415,ok,45,
234523599,ok,1,
339538183,no_data,,
170102285,ok,6,
416987878,no_data,,
166648874,ok,22,
343774169,no_data,,
440777904,ok,7,
361998994,ok,63,
160578764,ok,38,
172110606,ok,20,
412257781,ok,87,
126606859,ok,41,
326114850,no_data,,
175236511,ok,44,
458856474,ok,36,
28900646,ok,19,
119081096,ok,8,
52204645,ok,1,
180987952,ok,35,
166833457,ok,4,
242536549,ok,38,
68152139,no_data,,
166739520,ok,2,
294301883,ok,10,
120602501,ok,16,
458857720,ok,36,
149918151,ok,41,
136971594,ok,55,
26054627,ok,70,
353367071,ok,43,
393831507,ok,49,
37575651,ok,8,
85593751,ok,42,
408549705,ok,59,
142532090,ok,87,
138017750,ok,18,
39699648,ok,21,
233503636,ok,24,
339672028,ok,6,
143350972,ok,5,
22221375,ok,9,
287139872,ok,14,
387079085,ok,38,
120692092,ok,40,
371711170,ok,53,
83092282,ok,8,
387664866,ok,76,
351601843,ok,13,
302659412,ok,36,
445751830,ok,59,
424699834,ok,56,
306648160,ok,66,
59859387,ok,33,
355703913,ok,1,
391821647,ok,1,
49705089,ok,87,
9828416,ok,52,
237200747,ok,14,
291685334,ok,57,
326919774,ok,17,
374530847,ok,54,
229141709,ok,29,
260647166,ok,10,
344085117,ok,61,
232982938,ok,23,
306547699,ok,64,
101955023,ok,9,
407146538,ok,65,
44745133,ok,31,
69356857,ok,74,
412259468,ok,34,
99224131,ok,41,
347018922,no_data,,
237751146,ok,6,
399954349,ok,14,
288144647,ok,84,
197959526,ok,28,
384984325,ok,18,
231076038,ok,61,
176899385,ok,57,
399444057,ok,52,
386259537,ok,34,
1950736,ok,71,
53728859,ok,57,
382474101,ok,2,
268604331,ok,41,
329145325,no_data,,
268823307,ok,41,
462162963,ok,90,
88992642,ok,26,
113295476,ok,61,
403224672,ok,1,
142918609,ok,34,
269269546,ok,41,
253030300,ok,60,
306902029,ok,71,
138294130,ok,24,
441738827,ok,16,
122785299,ok,40,
1976308113,ok,56,
437156845,ok,88,
138168780,ok,19,
274762761,ok,14,
151825527,ok,9,
9032368,ok,29,
328513434,ok,73,
55871761,no_data,,
278726770,ok,87,
441739020,ok,15,
373576942,ok,55,
408618999,ok,18,
93963408,ok,34,
176685457,ok,35,
313761775,no_data,,
431701493,ok,56,
179159972,ok,33,
142211778,ok,63,
147797743,ok,47,
238197709,ok,12,
343628284,ok,15,
329864959,ok,16,
280437559,ok,34,
262781201,ok,8,
212253390,ok,27,
373785851,ok,52,
158623531,ok,2,
330944099,ok,76,
305243225,ok,54,
179155220,ok,33,
461387302,no_data,,
61205803,ok,57,
106114491,ok,74,
183537452,ok,2,
117256577,ok,41,
317520667,ok,80,
318022259,ok,20,
184679932,ok,18,
114103136,no_data,,
371443216,ok,36,
434234955,ok,32,
150428135,ok,1,
289988797,ok,10,
272212970,ok,37,
143257766,ok,27,
139285832,ok,28,
31268146,ok,4,
46020827,ok,91,
416624606,ok,55,
142748283,ok,14,
32408928,no_data,,
126772538,no_data,,
264508014,ok,41,
259506033,ok,59,
347098457,ok,34,
312469860,no_data,,
138820713,ok,22,
299161524,ok,73,
298495970,ok,53,
203189770,ok,41,
373424049,ok,9,
387603144,no_data,,
154089169,ok,14,
231703293,no_data,,
15692883,ok,57,
394357918,ok,1,
417705690,ok,19,
17409453,ok,43,
17129975,ok,75,
14661418,ok,10,
41422753,ok,74,
220479565,ok,3,
308307606,ok,4,
50712784,ok,34,
176279915,ok,70,
382391899,ok,4,
123233041,ok,40,
26584326,ok,74,
299220166,ok,40,
151920165,ok,63,
389352124,ok,27,
104866616,ok,80,
79748331,ok,13,
14344979,ok,35,
349986198,ok,45,
376353509,ok,52,
248853232,ok,55,
404421005,ok,10,
243200602,ok,11,
258776466,ok,14,
98796344,ok,4,
112099249,ok,64,
4610830,ok,42,
150151262,ok,3,
332558858,ok,31,
12421862,ok,2,
268766053,ok,3,
335590096,ok,63,
271424111,ok,40,
94986319,ok,5,
388811663,ok,42,
100990000,ok,3,
467651916,ok,43,
91555165,ok,30,
237920046,ok,1,
125739286,ok,38,
251848941,ok,2,
272213425,ok,37,
251848941,cached,,
237920046,cached,,
467651916,cached,,
100990000,cached,,
94986319,cached,,
335590096,cached,,
12421862,cached,,
150151262,cached,,
112099249,cached,,
258776466,cached,,
404421005,cached,,
376353509,cached,,
14344979,cached,,
104866616,cached,,
389352124,cached,,
299220166,cached,,
123233041,cached,,
50712784,cached,,
220479565,cached,,
14661418,cached,,
17409453,cached,,
394357918,cached,,
15692883,cached,,
154089169,cached,,
203189770,cached,,
299161524,cached,,
138820713,cached,,
259506033,cached,,
264508014,cached,,
142748283,cached,,
46020827,cached,,
139285832,cached,,
272212970,cached,,
150428135,cached,,
371443216,cached,,
318022259,cached,,
317520667,cached,,
183537452,cached,,
61205803,cached,,
305243225,cached,,
158623531,cached,,
212253390,cached,,
280437559,cached,,
343628284,cached,,
147797743,cached,,
142211778,cached,,
431701493,cached,,
176685457,cached,,
408618999,cached,,
441739020,cached,,
328513434,cached,,
151825527,cached,,
138168780,cached,,
122785299,cached,,
441738827,cached,,
138294130,cached,,
269269546,cached,,
403224672,cached,,
88992642,cached,,
268823307,cached,,
268604331,cached,,
53728859,cached,,
386259537,cached,,
176899385,cached,,
384984325,cached,,
288144647,cached,,
399954349,cached,,
99224131,cached,,
69356857,cached,,
44745133,cached,,
101955023,cached,,
232982938,cached,,
260647166,cached,,
374530847,cached,,
291685334,cached,,
9828416,cached,,
355703913,cached,,
306648160,cached,,
445751830,cached,,
351601843,cached,,
83092282,cached,,
120692092,cached,,
287139872,cached,,
22221375,cached,,
339672028,cached,,
39699648,cached,,
142532090,cached,,
85593751,cached,,
393831507,cached,,
26054627,cached,,
149918151,cached,,
294301883,cached,,
166739520,cached,,
166833457,cached,,
52204645,cached,,
28900646,cached,,
175236511,cached,,
126606859,cached,,
160578764,cached,,
440777904,cached,,
166648874,cached,,
170102285,cached,,
234523599,cached,,
363548415,cached,,
286201103,cached,,
352682207,cached,,
169556484,cached,,
272213425,ok,37,
125739286,cached,,
91555165,cached,,
388811663,cached,,
271424111,cached,,
268766053,cached,,
332558858,cached,,
4610830,cached,,
98796344,cached,,
243200602,cached,,
248853232,cached,,
349986198,cached,,
79748331,cached,,
151920165,cached,,
26584326,cached,,
382391899,cached,,
176279915,cached,,
308307606,cached,,
41422753,cached,,
17129975,cached,,
417705690,cached,,
459323923,no_data,,
317060587,cached,,
102713734,cached,,
420112589,cached,,
159951311,cached,,
139375960,cached,,
188589164,cached,,
57984377,cached,,
418761354,cached,,
398895470,cached,,
92226327,cached,,
437011608,cached,,
120317234,cached,,
391880567,cached,,
120960812,cached,,
347329162,cached,,
428679607,cached,,
261867566,cached,,
118956453,cached,,
306362738,cached,,
63211674,cached,,
392476080,cached,,
258510872,cached,,
124573851,cached,,
366576758,cached,,
258920431,cached,,
231703293,no_data,,
387603144,no_data,,
373424049,cached,,
298495970,cached,,
312469860,no_data,,
347098457,cached,,
126772538,no_data,,
32408928,no_data,,
416624606,cached,,
31268146,cached,,
143257766,cached,,
289988797,cached,,
434234955,cached,,
114103136,no_data,,
184679932,cached,,
117256577,cached,,
106114491,cached,,
461387302,no_data,,
179155220,cached,,
330944099,cached,,
373785851,cached,,
262781201,cached,,
329864959,cached,,
238197709,cached,,
179159972,cached,,
313761775,no_data,,
93963408,cached,,
373576942,cached,,
278726770,cached,,
55871761,no_data,,
9032368,cached,,
274762761,cached,,
437156845,cached,,
1976308113,cached,,
306902029,cached,,
253030300,cached,,
142918609,cached,,
113295476,cached,,
462162963,cached,,
329145325,no_data,,
382474101,cached,,
1950736,cached,,
399444057,cached,,
231076038,cached,,
197959526,cached,,
237751146,cached,,
347018922,no_data,,
412259468,cached,,
407146538,cached,,
306547699,cached,,
344085117,cached,,
229141709,cached,,
326919774,cached,,
237200747,cached,,
49705089,cached,,
391821647,cached,,
59859387,cached,,
424699834,cached,,
302659412,cached,,
387664866,cached,,
371711170,cached,,
387079085,cached,,
143350972,cached,,
233503636,cached,,
138017750,cached,,
408549705,cached,,
37575651,cached,,
353367071,cached,,
136971594,cached,,
458857720,cached,,
120602501,cached,,
68152139,no_data,,
242536549,cached,,
180987952,cached,,
119081096,cached,,
458856474,cached,,
326114850,no_data,,
412257781,cached,,
172110606,cached,,
361998994,cached,,
343774169,no_data,,
416987878,no_data,,
339538183,no_data,,
419419534,cached,,
167418898,cached,,
419858461,cached,,
89876424,cached,,
220396259,cached,,
192372961,cached,,
355732304,cached,,
412961700,cached,,
141776043,cached,,
184952758,cached,,
363260203,cached,,
444413256,cached,,
118021229,cached,,
162246865,cached,,
7624182,cached,,
132534906,cached,,
307734817,cached,,
9033144,cached,,
285233023,cached,,
296898634,cached,,
280307604,no_data,,
284747017,cached,,
399642071,cached,,
371673488,no_data,,
24094603,no_data,,
292321872,cached,,
71854732,cached,,
350445771,cached,,
313675203,cached,,
233684822,cached,,
48178229,no_data,,
300810086,cached,,
367102581,cached,,
277014266,cached,,
175180796,cached,,
395773226,cached,,
233681149,cached,,
267489265,cached,,
78775584,no_data,,
219205407,cached,,
141631253,cached,,
90448944,cached,,
324609476,cached,,
282498590,cached,,
156816238,cached,,
35883621,no_data,,
426077080,cached,,
350332997,cached,,
440801822,cached,,
66151343,cached,,
444977814,cached,,
103865797,cached,,
5772442,cached,,
357457104,cached,,
289539327,cached,,
133505138,cached,,
436099179,cached,,
318746829,no_data,,
358072664,cached,,
398733009,cached,,
117068362,cached,,
362709886,cached,,
359496368,cached,,
359496368,cached,,
362709886,cached,,
117068362,cached,,
398733009,cached,,
358072664,cached,,
318746829,no_data,,
436099179,cached,,
133505138,cached,,
289539327,cached,,
357457104,cached,,
5772442,cached,,
103865797,cached,,
444977814,cached,,
66151343,cached,,
440801822,cached,,
350332997,cached,,
426077080,cached,,
35883621,no_data,,
156816238,cached,,
282498590,cached,,
324609476,cached,,
90448944,cached,,
141631253,cached,,
219205407,cached,,
78775584,no_data,,
267489265,cached,,
233681149,cached,,
395773226,cached,,
175180796,cached,,
277014266,cached,,
367102581,cached,,
300810086,cached,,
48178229,no_data,,
233684822,cached,,
313675203,cached,,
350445771,cached,,
71854732,cached,,
292321872,cached,,
24094603,no_data,,
371673488,no_data,,
399642071,cached,,
284747017,cached,,
280307604,no_data,,
296898634,cached,,
285233023,cached,,
9033144,cached,,
307734817,cached,,
132534906,cached,,
7624182,cached,,
162246865,cached,,
118021229,cached,,
444413256,cached,,
363260203,cached,,
184952758,cached,,
141776043,cached,,
412961700,cached,,
355732304,cached,,
192372961,cached,,
220396259,cached,,
89876424,cached,,
419858461,cached,,
167418898,cached,,
419419534,cached,,
339538183,no_data,,
416987878,no_data,,
343774169,no_data,,
361998994,cached,,
172110606,cached,,
412257781,cached,,
326114850,no_data,,
458856474,cached,,
119081096,cached,,
180987952,cached,,
242536549,cached,,
68152139,no_data,,
120602501,cached,,
458857720,cached,,
136971594,cached,,
353367071,cached,,
37575651,cached,,
408549705,cached,,
138017750,cached,,
233503636,cached,,
143350972,cached,,
387079085,cached,,
371711170,cached,,
387664866,cached,,
302659412,cached,,
424699834,cached,,
59859387,cached,,
391821647,cached,,
49705089,cached,,
237200747,cached,,
326919774,cached,,
229141709,cached,,
344085117,cached,,
306547699,cached,,
407146538,cached,,
412259468,cached,,
347018922,no_data,,
237751146,cached,,
197959526,cached,,
231076038,cached,,
399444057,cached,,
1950736,cached,,
382474101,cached,,
329145325,no_data,,
462162963,cached,,
113295476,cached,,
142918609,cached,,
253030300,cached,,
306902029,cached,,
1976308113,cached,,
437156845,cached,,
274762761,cached,,
9032368,cached,,
55871761,no_data,,
278726770,cached,,
373576942,cached,,
93963408,cached,,
313761775,no_data,,
179159972,cached,,
238197709,cached,,
329864959,cached,,
262781201,cached,,
373785851,cached,,
330944099,cached,,
179155220,cached,,
461387302,no_data,,
106114491,cached,,
117256577,cached,,
184679932,cached,,
114103136,no_data,,
434234955,cached,,
289988797,cached,,
143257766,cached,,
31268146,cached,,
416624606,cached,,
32408928,no_data,,
126772538,no_data,,
347098457,cached,,
312469860,no_data,,
298495970,cached,,
373424049,cached,,
387603144,no_data,,
231703293,no_data,,
417705690,cached,,
17129975,cached,,
41422753,cached,,
308307606,cached,,
176279915,cached,,
382391899,cached,,
26584326,cached,,
151920165,cached,,
79748331,cached,,
349986198,cached,,
248853232,cached,,
243200602,cached,,
98796344,cached,,
4610830,cached,,
332558858,cached,,
268766053,cached,,
271424111,cached,,
388811663,cached,,
91555165,cached,,
125739286,cached,,
272213425,cached,,
251848941,cached,,
237920046,cached,,
467651916,cached,,
100990000,cached,,
94986319,cached,,
335590096,cached,,
12421862,cached,,
150151262,cached,,
112099249,cached,,
258776466,cached,,
404421005,cached,,
376353509,cached,,
14344979,cached,,
104866616,cached,,
389352124,cached,,
299220166,cached,,
123233041,cached,,
50712784,cached,,
220479565,cached,,
14661418,cached,,
17409453,cached,,
394357918,cached,,
15692883,cached,,
154089169,cached,,
203189770,cached,,
299161524,cached,,
138820713,cached,,
259506033,cached,,
264508014,cached,,
142748283,cached,,
46020827,cached,,
139285832,cached,,
272212970,cached,,
150428135,cached,,
371443216,cached,,
318022259,cached,,
317520667,cached,,
183537452,cached,,
61205803,cached,,
305243225,cached,,
158623531,cached,,
212253390,cached,,
280437559,cached,,
343628284,cached,,
147797743,cached,,
142211778,cached,,
431701493,cached,,
176685457,cached,,
408618999,cached,,
441739020,cached,,
328513434,cached,,
151825527,cached,,
138168780,cached,,
122785299,cached,,
441738827,cached,,
138294130,cached,,
269269546,cached,,
403224672,cached,,
88992642,cached,,
268823307,cached,,
268604331,cached,,
53728859,cached,,
386259537,cached,,
176899385,cached,,
384984325,cached,,
288144647,cached,,
399954349,cached,,
99224131,cached,,
69356857,cached,,
44745133,cached,,
101955023,cached,,
232982938,cached,,
260647166,cached,,
374530847,cached,,
291685334,cached,,
9828416,cached,,
355703913,cached,,
306648160,cached,,
445751830,cached,,
351601843,cached,,
83092282,cached,,
120692092,cached,,
287139872,cached,,
22221375,cached,,
339672028,cached,,
39699648,cached,,
142532090,cached,,
85593751,cached,,
393831507,cached,,
26054627,cached,,
149918151,cached,,
294301883,cached,,
166739520,cached,,
166833457,cached,,
52204645,cached,,
28900646,cached,,
175236511,cached,,
126606859,cached,,
160578764,cached,,
440777904,cached,,
166648874,cached,,
170102285,cached,,
234523599,cached,,
363548415,cached,,
286201103,cached,,
352682207,cached,,
169556484,cached,,
459323923,no_data,,
317060587,cached,,
102713734,cached,,
420112589,cached,,
159951311,cached,,
139375960,cached,,
188589164,cached,,
57984377,cached,,
418761354,cached,,
398895470,cached,,
92226327,cached,,
437011608,cached,,
120317234,cached,,
391880567,cached,,
120960812,cached,,
347329162,cached,,
428679607,cached,,
261867566,cached,,
118956453,cached,,
306362738,cached,,
63211674,cached,,
392476080,cached,,
258510872,cached,,
124573851,cached,,
366576758,cached,,
258920431,cached,,
