tic_id,toi,label,split,disposition,period_d,depth_ppm,duration_h,tmag,available
318746829,1540.01,0,train,FP,5.2273176,2856.0,3.572,10.4234,False
35883621,6094.01,0,train,FP,3.0519843,892.0,2.868,9.65609,False
78775584,2811.01,0,train,FP,5.5553784,1050.0,2.256,10.7217,False
48178229,2517.01,0,train,FP,2.6788253,350.0,2.49,10.0386,False
24094603,1121.01,0,train,FP,4.07611,1454.18,2.062,11.0605,False
371673488,1497.01,0,train,FP,0.8165295,468.0,2.294,9.95717,False
280307604,4800.01,0,train,FP,4.3229915,1980.0,0.875,10.9833,False
339538183,1662.01,0,val,FP,2.6093167,1984.0,1.175,9.7053,False
416987878,1392.01,0,train,FP,2.86876,1030.0,2.422,10.399,False
343774169,7163.01,0,train,FP,5.3913891,4086.0,1.995,11.2584,False
326114850,1504.01,0,train,FP,1.2456423,691.0,1.354,9.98645,False
68152139,1597.01,0,val,FP,0.73772,980.0,1.057,10.1342,False
347018922,7431.01,0,val,FP,1.1919382,2692.0,1.404,13.0852,False
329145325,1501.01,0,val,FP,1.077774,2680.0,2.682,10.4089,False
55871761,7505.01,0,val,FP,3.8618241,823.5651883,3.1764029,10.4653,False
313761775,1526.01,0,train,FP,1.5309799,654.0,1.37,9.693811,False
461387302,1624.01,0,train,FP,5.8089284,1111.0,5.137,10.2763,False
114103136,4219.01,0,train,FP,1.1471548,2670.0,1.403,16.0657,False
32408928,4213.01,0,train,FP,1.0435229,4970.0,1.476,12.6825,False
126772538,4808.01,0,val,FP,1.4700596,4760.0,2.18,13.4542,False
312469860,1530.01,0,train,FP,0.50261,1120.0,1.127,9.9475,False
387603144,4032.01,0,val,FP,2.4567112,530.0,1.716,11.0498,False
231703293,2632.01,0,train,FP,0.907105,1430.0,1.711,12.4537,False
459323923,7149.01,1,train,CP,2.6520679,126188.0,1.53,14.8294,False
