tic_id,toi,label,split,disposition,period_d,depth_ppm,duration_h,tmag,bls_period_d,bls_t0,bls_duration_d,bls_depth_ppm,bls_snr,bls_n_transits,p1_period_d,p1_depth_ppm,p1_snr,category,fit_ok,fit_error,fit_period_d,fit_period_err_d,fit_t0,fit_rp,fit_a,fit_b,fit_depth_ppm,fit_depth_err_ppm,fit_duration_h,fit_duration_err_h,fit_rchi2,fit_n_points,period_rel_err,depth_rel_err,duration_rel_err,bls_depth_rel_err,bls_duration_rel_err
176279915,5289.01,1,train,CP,3.4411264,2660.0,2.669,11.8884,3.437462259963253,3209.456837920449,0.125,2185.391321338496,16.961599747658266,6,3.4366289292895478,2050.839730899103,12.943772217243229,hit,True,,3.43969311291611,0.0006442639198049131,3219.768397196135,0.046504273073955105,9.42897749703413,0.13944933296803352,2560.120436604696,688.6418903945312,2.8966399743364484,2.017272671503566,0.9717477141133137,3240,-0.00041651683701302326,-0.03754870804334741,0.08529036131002185,-0.17842431528627978,0.12401648557512175
382391899,391.01,1,train,KP,1.9550932,19634.9908668,1.78762,11.0529,1.9551407804742704,1411.0931138728756,0.0625,16348.650748421154,189.9615952245655,10,1.9551407804742704,16205.564262593787,188.24435571371825,hit,True,,1.955115570492465,2.708656383361144e-05,1424.7788032267856,0.1387851400920778,7.280466388683217,0.7226784252531031,19704.66578368224,120.46492445827683,1.8189823895318784,0.01379937154997105,0.9863770059824346,3521,1.144216166518096e-05,0.003548507730658179,0.01754421495165551,-0.16737161431205871,-0.16089549233058478
26584326,7904.01,1,val,KP,4.959174,16934.66655,1.7965588,14.7897,7.496065798108517,3315.5875415115,0.0208333333333333,30315.620431995558,5.676234017742786,4,7.496065798108517,28887.33954581357,5.407933047370356,miss,True,,7.4953500996441385,0.0012014362122246584,3323.084065365388,0.16179038641246232,103.54110543697082,0.0031965662009467767,31028.298859926417,7597.294132980704,0.6425038626603347,12.557483336990591,0.8250601674321129,1439,0.511410992968615,0.8322355960369597,-0.6423696999728956,0.7901516007113559,-0.7216901556464507
151920165,4270.01,1,train,CP,3.4671474,4770.0,2.405,12.5695,3.4661471488340285,3014.895819462759,0.0833333333333333,4664.407672570857,22.999996834527145,8,3.4661471488340285,3746.0435692767664,18.427825830161755,hit,True,,3.4691464373775895,0.0004576027335323756,3028.7632457970417,0.0634894160319923,10.899896426921435,0.00016669221512522687,4787.5032230526585,1415.0468178358994,2.589919533352825,0.9083909895129333,0.8799263225134694,2775,0.0005765654432775347,0.003669438795106612,0.07688961885772362,-0.022136756274453384,-0.1683991683991687
79748331,1064.01,1,train,CP,6.4438657,1121.9512275,1.9309449,10.0059,12.223818431900304,1664.4936177810737,0.0833333333333333,1125.7524022403124,11.190991614347594,2,12.213346374756371,984.4616292409844,9.632720130855253,miss,True,,12.22659207528485,0.002941737032217824,1664.4912856379235,0.03188971516516219,42.50386995361243,0.26851545508022234,1192.192544348214,293.89192260796244,2.18975167358209,9.856310420989749,1.1174164073504667,706,0.8974002011377814,0.06260639065811259,0.13403115416814318,0.0033880035487661073,0.035762335838790134
349986198,5165.01,1,train,CP,3.577501,1300.0,1.662,12.5389,3.434338638434181,2528.037253095911,0.0625,1724.6574517544475,6.108746598221181,6,3.434338638434181,1506.8060599539187,5.325918335781472,miss,True,,3.4348565251727368,0.0009261299361887835,2538.3365994984924,0.03986260975614152,17.417349440288056,0.02510166447961188,1887.4816213637623,513.7739554174088,1.5670972054524377,3.419313196149454,0.8453106618762295,2160,-0.039872658268233344,0.4519089395105864,-0.05710156109961627,0.3266595782726519,-0.09747292418772559
248853232,5823.01,1,train,KP,3.8681492,17259.9935362,2.1610195,8.8628,3.868443831091116,2798.7750751368894,0.0625,15878.769920493376,364.59821485113736,4,3.868443831091116,15855.43813222667,363.9269450669825,hit,True,,3.868139673705593,3.399873295871866e-05,2810.379889418941,0.12841533809327868,12.098879914173398,0.6957602364706672,17168.997165662004,48.36032994385624,2.175375341423806,0.00862587303628368,1.126495127645726,1439,-2.4627525761135946e-06,-0.005272097602304777,0.006643087405646205,-0.08002457317320161,-0.3058831722712359
243200602,826.01,1,train,KP,11.5509742,10842.0,3.571,10.491,11.552106985606466,1607.5839408918998,0.125,9698.363454031003,101.7403058686578,2,11.552106985606466,9655.703385238248,101.24950099848536,hit,True,,11.551599256777303,0.0007250363066808922,1607.5851277910142,0.09533105678127608,24.179710642163215,0.4037400933434925,10443.556501811945,127.64633860379467,3.7177243289975204,0.055772434934688905,0.9619418201116463,1078,5.4112905671825566e-05,-0.03674999983287723,0.041087742648423464,-0.1054820647453419,-0.15989918790254834
98796344,455.01,1,val,CP,5.358776,2708.4393715,1.3697764,8.84294,8.646448901915853,1412.753265584793,0.1666666666666666,1798.060220637353,29.52584463450932,3,12.93430552972658,2873.937436197109,45.49032459508079,miss,True,,8.728543305268412,0.00486113792060587,1421.3947885697232,0.07575524400343546,3.288794222770367,0.9999999999976563,1957.359747155496,10951.861802979496,8.462388895133223,11.799568453280973,2.004327557678146,1897,0.6288315289290711,-0.2773108500222908,5.177934511890571,-0.3361268339407047,1.9201846374342544
4610830,6833.01,1,train,KP,8.2616616,1343.0,2.862,11.5018,3.9343396872830008,2450.7778120717144,0.0833333333333333,1293.8263261935615,7.348433429624245,3,3.9285360144749295,1346.3290211491408,6.636589601039286,miss,True,,3.932361743763595,0.001193642913963532,2462.577960267008,0.03663841485196332,15.605895646497382,0.3669867948142423,1553.7461171114542,399.9862844829734,1.8679970908069419,3.507303069238405,0.9901988949043687,1079,-0.5240228982794944,0.15692190402937764,-0.34731059021420624,-0.03661479806882986,-0.3011879804332638
332558858,2373.01,1,train,CP,13.3368173,8210.0,4.384,12.5882,13.328376908622271,2155.168949717591,0.1666666666666666,9075.294412235422,26.993061301154903,2,13.328376908622271,6223.255097957221,18.382113973080624,hit,True,,13.335575366292666,0.0032466456798863116,2155.165804154567,0.09173722006917388,24.904948558386373,0.013579954992447386,9991.157360994652,3037.4612913188666,4.466951385719595,0.8588940002101944,0.8917490101800626,1440,-9.312069584502308e-05,0.21694973946341678,0.01892139272800969,0.10539517810419269,-0.08759124087591288
268766053,272.01,1,train,KP,3.3098458,19158.8321817,2.2676536,11.7617,3.3102684851862705,1386.2295322658017,0.0833333333333333,16087.142182140007,113.24097870434134,6,3.3102684851862705,14199.464096472915,99.78852906405665,hit,True,,3.3097247469316633,0.0001048137254326823,1396.1605415722256,0.13442818176812643,10.33961129821345,0.6438360977947231,19309.932960355545,179.20078487856608,2.291636941141431,0.027336381104476715,0.8505461021144287,2041,-3.657362779162515e-05,0.007886742637678771,0.010576280760620126,-0.16032762176882515,-0.11803107846806979
271424111,6073.01,1,val,KP,3.2687063,9692.5415934,3.6398573,14.3999,8.785779063726862,2395.8178164141177,0.25,74175.65171783385,48.08519364865988,2,8.785779063726862,41161.817753093565,26.580814658119856,miss,True,,8.781021780093043,0.002057995201230659,2404.6084436908673,0.2692927017080531,10.1533223930554,0.3108613072889009,83896.7860750014,2375.8802707092045,8.15459229186613,0.2648776218197724,1.0784088525971351,2568,1.686390569900099,7.655808723289847,1.240360437170471,6.652858747425209,0.6484162717038384
388811663,5155.01,1,train,KP,9.7956535,1633.7953711,2.7073092,11.7603,13.9785739599064,2461.384356577536,0.125,2847.2954125848632,9.38788977928575,1,9.311570117079244,1787.5961070684702,7.217694751780032,miss,True,,13.984780185707253,11.40227800515079,2461.382551266843,0.0555531119083421,34.638937388985575,0.03605168569319526,3664.8802954072357,887.594485911517,3.254216807443252,0.8431585120259936,0.9867886007566936,432,0.4276515789076505,1.2431697140503888,0.20201150553592168,0.7427491000098986,0.10811133061565333
91555165,2345.01,1,train,CP,1.0526157,358.5076064,1.5288415,10.3759,1.05203801788342,2116.737021421233,0.0625,320.2666268255263,8.033513423050042,21,1.05203801788342,331.05284385947925,8.325268216062312,hit,True,,1.0520593478646596,0.00016357260884673546,2128.3081665878026,0.01696076617521137,5.472362397480343,0.05932551471386374,341.5629278468169,95.31371802897648,1.4998223098540118,0.54397986295859,0.9349133826194022,7534,-0.0005285425016370583,-0.04726448825824162,-0.018981163283432714,-0.10666713590396411,-0.018864937928490276
125739286,1934.01,1,train,KP,4.5111234,11170.0,4.525,10.5288,4.511228039682922,2338.018916634713,0.1666666666666666,10050.602757422384,158.8303293355357,4,4.509999035481763,6855.424421806132,108.18006687611133,hit,True,,4.511083097320497,0.00018325916444055076,2347.0413276412423,0.09592450782123103,8.120048005812537,0.00010986327127339627,10923.653527231569,3749.6009548363004,4.665429412432751,1.2612159204478708,0.9591865178150101,3332,-8.934067177824707e-06,-0.02205429478678884,0.031034124294530452,-0.1002146143757937,-0.11602209944751428
272213425,1904.01,1,train,KP,4.3247708,6380.0,4.267,11.1138,4.325368406573281,2310.3190801655423,0.1666666666666666,5950.542524980381,74.5454586209268,6,4.325368406573281,4039.030592476373,49.954844596740266,hit,True,,4.325332396074178,0.0003892954632211142,2318.970341846851,0.07925960144924557,6.108551336544156,0.6668487656067315,6664.084031267392,103.32705182807533,4.633088249960662,0.08522259783437725,1.0513803170108165,4004,0.00012985568487900362,0.04452727762811783,0.08579523083212126,-0.06731308385887443,-0.0625732364659016
251848941,178.01,1,train,CP,6.5578513,1596.0,2.08,10.42,6.558485511899449,1360.2399314139243,0.0833333333333333,1363.4617495997968,16.55035493559626,4,6.558485511899449,1187.3087416091926,14.424617571928673,hit,True,,6.55889347235462,0.0008814717285398339,1366.799815684019,0.035089053685357086,23.915221440178485,0.08961763328846817,1460.6326297417204,377.08159683429216,2.161220615371623,4.149771368442826,0.8914418947612354,1399,0.00015891979048372943,-0.08481664803150352,0.039048372774818776,-0.1457006581454907,-0.03846153846153892
237920046,873.01,1,train,CP,5.9312003,1021.9253753,2.0314487,12.1249,9.117304948223728,1328.938225842151,0.0208333333333333,3040.7924943340367,6.119977144374033,3,9.117304948223728,2746.9223262061278,5.522834929551935,miss,True,,9.11740697374758,0.0017171795258829343,1338.0549990506302,0.05310503443371962,144.83146332572403,0.1328062326356451,3339.345997971033,918.2318041313771,0.502416930439569,11.150913859220786,0.9880511372374892,1047,0.537194246120398,2.267700439467728,-0.7526804735755478,1.975552391427183,-0.7538702306388544
467651916,4602.01,1,train,CP,3.9813082,464.0,3.1,7.7746,3.981854189350585,2476.7338855189164,0.125,480.7442235989294,25.185477464036172,5,3.981854189350585,350.9033753437183,18.290053318630168,hit,True,,3.9808491681425253,0.0005143446488765156,2484.7006393102592,0.021018855508771844,7.930807294648038,0.42840281896801374,505.9340636441867,137.76431950699964,3.5672594337366332,1.2478159143713192,1.7004881789163864,2877,-0.00011529674027111126,0.09037513716419553,0.1507288495924623,0.03608668879079614,-0.03225806451612906
100990000,411.01,1,train,CP,9.5730787,288.090893,3.3490357,7.757,9.569863397579692,1386.1947248683705,0.1666666666666666,314.1182446548127,15.665589094338673,2,9.583803544958732,267.3505161415368,11.518212426534069,hit,True,,9.56984263987276,0.0014243502935123427,1395.7635216857277,0.017416554542453333,19.69625875741511,0.0995162745892154,359.76029518680616,87.58196097235634,3.7600249418790606,5.081937866708802,1.0023364108625,1390,-0.000338037556010004,0.24877357781249326,0.12271868044854244,0.09034423609778154,0.19437365209334684
94986319,421.02,1,train,CP,5.1976858,437.4376044,1.8810737,9.2711,8.037594238857354,1440.130308963341,0.0833333333333333,1814.4579179324892,33.98620188337165,3,5.350569147175119,596.9695576380158,15.866925165546402,miss,True,,8.034826942905934,0.001303509528982043,1448.1663789429715,0.04358960296915869,15.736632650980848,0.7833896130367523,1875.5050621972468,268.4872037717827,2.6935479930315456,0.14847386528204884,1.8478896489978294,1080,0.5458469888476007,3.287480187648099,0.4319204999950537,3.147923954597464,0.06322256273106107
335590096,4860.01,1,train,CP,1.5229985,58060.0,1.196,13.7726,1.5226143249773127,3015.3733005041963,0.0416666666666666,50177.22054562232,85.85185746627319,16,1.5226143249773127,39685.61948886474,68.1157745777929,hit,True,,1.5226833219229925,3.500570304745089e-05,3027.5545364102945,0.2279492794475664,10.70471951974244,0.42171283159630213,59139.54791196985,729.3552865989657,1.2566278522652448,0.022104515631748572,0.8568465599061891,5556,-0.00020694575668159064,0.01859366021305288,0.05069218416826489,-0.1357695393451203,-0.16387959866220864
12421862,198.01,1,val,CP,10.2152025,960.5475682,2.3476219,9.92801,10.208674394291512,1356.3693917625458,0.0833333333333333,969.2548220823048,13.68807496365724,3,10.205784449761357,861.6663221099105,10.557144855769469,hit,True,,10.208747077227427,0.0014713563152969136,1366.57844773146,0.02915265696565961,38.35474058737116,0.1050470327005751,1007.7132243806464,234.08889195687135,2.081965584003984,7.510414047602342,1.0066309825488542,1050,-0.0006319427121071042,0.049102884377742524,-0.11315975370480907,0.009064885665809992,-0.14807405741103408
150151262,712.01,1,train,CP,9.5313801,910.0370283,1.6426425,9.9059,10.491812401460557,1394.1150317840747,0.0833333333333333,1293.1718270149331,14.598355213853347,2,10.469550855305943,1052.3285171992932,9.962359431513738,miss,True,,10.493277089279399,0.002720143192432871,1394.1149134953228,0.03639877878398869,39.23842718684995,0.006018966739367132,1573.9115368499367,386.1325941903579,2.117536966943546,7.888585870920799,1.1421917972560796,554,0.10091896233153047,0.7295027431906715,0.2891039693320646,0.4210101202482391,0.2175503799518149
112099249,1921.01,1,train,KP,5.17958,7620.0,4.524,12.1577,5.181964182185022,3044.692495947509,0.1666666666666666,7076.760368353689,50.92507216726717,5,5.181964182185022,4887.422029082116,34.67035476470883,hit,True,,5.181148379021749,0.0006739909745240648,3055.056190320881,0.0816782498298292,7.988672455871119,0.47233397625717427,7561.506396726591,591.1008639732561,4.841896444854316,0.26479398171431895,0.9149791446174539,3442,0.00030280042431042234,-0.0076763258888987605,0.07026888701465876,-0.07129129024229802,-0.11582670203359899
258776466,7391.01,1,val,CP,7.4108495,1257.5647375,1.9719278,12.7294,1.6773202230670805,1684.0245427130535,0.125,796.9573907218702,5.677914956820518,16,1.6260891173810317,1890.1452793485669,5.49686653910735,miss,True,,1.6779772675912477,0.0008732791242077506,1697.4494258546572,0.027688415681381796,3.780600106800467,0.08527320719606052,909.6413835624206,260.0215620754668,3.5174019707230264,1.0367561476522533,0.9083249700281596,8350,-0.773578283084652,-0.2766643684914706,0.7837377061792152,-0.366269292580359,0.5213538751266654
404421005,4628.01,1,val,KP,6.32668,520.8002154,2.0310601,9.66562,13.877847580410204,1571.4169966203272,0.25,1612.7543273811148,33.565620020730776,2,13.817437682541025,569.4831409964985,11.898164087658891,miss,True,,13.825332723537148,0.005747396102999095,1585.2997396421306,0.028243686242492693,16.873794300321087,0.338337704606048,927.2909739134194,235.89857658479534,6.082250549688938,8.48188529614016,1.1298092644087672,1247,1.185242927339007,0.7805118863117496,1.994618696752961,2.0966852157356364,1.9541223324706147
376353509,1648.01,1,val,CP,7.3315684,893.0,1.287,9.5831,7.335653023378565,2720.05038383856,0.0416666666666666,1004.9248995147178,12.373366462399211,4,7.33190130010437,830.1177641511428,10.246055758752563,hit,True,,7.330633518022199,0.0009526660910936448,2727.3895079567205,0.03166108275549832,26.95074722720421,0.7864126928009875,987.5293708456745,232.02784014691824,1.38825852903156,3.5889731520920476,0.9989348972172325,1437,-0.00012751459534920322,0.10585595839381245,0.078677955735478,0.12533583372308826,-0.22299922299922417
14344979,1927.01,1,val,KP,4.1117731,22017.8853537,2.1575648,12.3353,4.11256292076475,2259.9706741794093,0.0625,18395.759331151305,59.53796743557264,5,4.11256292076475,14330.62266067176,46.21829230998344,hit,True,,4.111913918616076,0.0002413404211808752,2268.1960524427113,0.15652842423140118,11.917325353440086,0.8295538188286474,22623.38978565093,521.5090328016521,2.1309344112111512,0.04402742771004052,0.8622409633473699,1613,3.4247662176759733e-05,0.027500571568249026,-0.012342799061631245,-0.16450835147708742,-0.30477175007675317
104866616,7059.01,1,train,KP,4.4626647,7983.8270519,3.0802705,11.1323,4.461109000857782,3481.360928316817,0.125,6894.464058226867,58.15079961114015,3,4.461109000857782,3870.650531931243,32.62157452345776,hit,True,,4.462078534758369,0.00030767859970023416,3494.7444064031324,0.08653983728755754,10.770315053716436,0.510120121618485,8407.685971312807,195.75678222857556,3.0437623319891713,0.07823641122271803,0.9423454227827558,1766,-0.0001313487077869064,0.05308969203083335,-0.011852260381297289,-0.13644621640618898,-0.026059561976780977
389352124,2197.01,1,val,KP,4.9546487,6745.244314,3.8239678,9.0532,4.954604006554876,2038.7589088288944,0.125,6481.490022412302,185.76525714469665,4,4.954604006554876,6427.736841358774,184.40134834709397,hit,True,,4.954740236648162,0.00013314490311348956,2048.667795809265,0.07783914412174833,9.582842429299573,0.4449982062255253,6909.679212699693,40.56550333009052,3.8886147843471726,0.029797086349700352,1.1700507094360002,2160,1.8474901795106014e-05,0.024377901087793544,0.01690573449576966,-0.03910225920805654,-0.21547456545005428
299220166,4457.01,1,train,KP,3.2175184,12691.8036893,1.8986264,14.3258,3.217257350961062,2390.719778058166,0.0625,14633.912633327447,14.365669106329666,7,3.217257350961062,12854.39827393085,12.61437176005028,hit,True,,3.2174718228008294,0.0004404648497490151,2406.8057965869666,0.11792264850154557,16.527398610998592,0.04339656975010274,16495.920840737588,4624.843284548064,1.6626032662965813,1.13581655681733,0.844369896517511,2383,-1.4476125193394388e-05,0.2997302231080599,-0.1243125733969667,0.1530207204248493,-0.20995515494780856
123233041,2177.01,1,train,KP,3.5224751,8602.325645,3.2804955,13.1448,3.5238711456731733,2392.464295668085,0.125,7711.694144833738,27.977785432636303,8,3.5238711456731733,5937.815564562231,21.33911724253977,hit,True,,3.523599391738719,0.0004764643185377508,2403.03446207797,0.08855191088316337,8.908565403144895,0.3889707307991383,9036.07124539263,1896.9974727559663,3.0816954038815156,0.3536189565365036,0.862420768711215,4319,0.00031917663199927443,0.05042189964579387,-0.06060063064207348,-0.10353380433626473,-0.08550400389209489
50712784,1912.01,1,train,KP,5.4053583,6770.0,4.859,10.5579,5.406422769470277,2232.812568840888,0.1666666666666666,6095.327367267045,95.24502799813172,4,5.406422769470277,2556.02004824728,39.794609914210014,hit,True,,5.405530180627641,0.0004084901675667236,2243.6294198177397,0.0740351542198408,8.967384409912535,0.0009429296359653593,6509.190294625045,2217.8546863122647,4.957880461916373,1.3612795878026431,0.910405426605588,2975,3.1798193218931e-05,-0.038524328711219386,0.020349961291700556,-0.09965622344652218,-0.17678534677917304
220479565,269.01,1,val,CP,3.6977167,4755.6707294,0.9308263,12.2958,3.695962847371623,1389.2430954879508,0.0208333333333333,4808.312818390169,10.61623627378709,5,3.695962847371623,4539.399689201515,10.038505421560169,hit,True,,3.69766982627313,0.0004130137569412668,1396.6380360159924,0.06281826929007243,35.80641606646284,0.03513239587721173,4685.835960857587,1208.6967582129844,0.8381353975924575,2.948413151789169,0.901405635230826,1600,-1.2676397537479816e-05,-0.014684525593979267,-0.09957916144778303,0.011069330066257724,-0.46284285263534214
14661418,751.01,1,val,KP,4.722816,22675.3812671,2.1894174,12.4806,4.722246896494315,1575.7131455090694,0.0833333333333333,18363.22377218804,66.68541154995539,4,4.722246896494315,13594.009428259764,49.42198609982174,hit,True,,4.723077782065133,0.0002385681707872548,1585.1591067478687,0.14228028965542824,16.09254669073641,0.5670041843048307,22284.69489253393,358.0608926709262,2.226139286417308,0.04722592534873828,0.9136216811959035,1431,5.542923229122641e-05,-0.01722953938300134,0.016772446595751,-0.1901691285415573,-0.08651497882496086
17409453,5080.01,1,train,KP,9.72665,2287.0,4.584,12.9285,8.158216277995356,2476.308647244528,0.0208333333333333,4021.728023989546,5.91187260849318,3,8.158216277995356,3932.603733160171,5.765402904240053,miss,True,,8.158324470298345,0.001156833250541941,2484.467125758578,0.06025736712404033,117.45164772160875,0.11695554602093536,4302.165171244043,1043.5649941044217,0.5591935023332065,10.378111436985407,0.7718402738062484,959,-0.16124004972952197,0.8811391216633334,-0.8780118886707664,0.7585168447702431,-0.8909249563699827
394357918,4184.01,1,train,CP,4.9019938,10774.951206,1.3243804,14.2612,4.901814659378263,1326.787068471288,0.0416666666666666,11352.951552453727,9.826319157739558,6,4.901814659378263,9979.00314604022,8.66277770453554,hit,True,,4.901916133982408,0.0007428967933846106,1336.5936702550348,0.10059625846778406,32.446938106380316,0.08733774234749336,11996.277623540385,3078.937919374265,1.2664678731984569,4.878332441965942,0.8385880339626599,2132,-1.584376087774827e-05,0.11334867269378386,-0.04372801560755733,0.05364296648804032,-0.24492993100773877
15692883,1493.01,1,train,CP,5.147905,3710.0,5.405,9.7116,5.147762546198628,2856.178717855916,0.25,3204.7335363126044,118.22414440310476,6,5.145094111705623,1398.0985645254789,50.67248359680066,hit,True,,5.1479649716211,0.000316819721290989,2866.4820178726627,0.060836019955147175,5.643791567773592,0.659811459180773,3942.411910712318,41.856897176626426,5.8499011630959,0.0702530722636072,1.300981502209131,5428,1.1649714029352586e-05,0.06264471986854929,0.08231288863938947,-0.13619042147908236,0.11008325624421826
154089169,1174.01,1,train,CP,8.9534775,1136.0,2.696,10.2549,8.969442788676162,1690.0561892108403,0.125,919.7495013705108,13.274406414658538,3,8.964795322236352,858.3261327376817,10.126377665345808,hit,True,,8.964341565124899,0.002172911199710246,1699.0172501784443,0.03157955053364544,19.97130849891774,0.5911848373202762,1093.3075866460529,276.14713427118784,2.900963608829946,5.528292883321391,1.05000612375977,1610,0.001213390565274667,-0.03758134978340417,0.0760250774591787,-0.1903613544273673,0.11275964391691387
203189770,1198.01,1,train,KP,3.612771,11794.0,4.142,10.4219,3.6133291774855554,2420.2411527432987,0.1666666666666666,9225.157697542523,203.65194500512436,8,3.6133291774855554,4098.7623539049255,90.68689359243994,hit,True,,3.612746839285788,8.484961938363578e-05,2434.6934700863662,0.09619049540196842,7.43300311887235,7.001503073448482e-07,10984.268085625137,55.50084301281333,4.085146004556826,0.010347057480746411,1.0979570866465596,5577,-6.68758529449075e-06,-0.06865625863785507,-0.013726218117618148,-0.2178092506747055,-0.03428295509415792
299161524,7860.01,1,train,KP,12.611812,5274.0385549,4.7520365,14.6048,6.555286584047242,3287.1856018305198,0.0416666666666666,20837.40070650573,5.6919595916091605,2,6.555286584047242,18382.24107657556,5.016574637963927,miss,True,,6.557001371009092,0.002456923110384955,3300.2940038404454,0.13156210509483768,45.58135439809486,0.04211931237604897,20526.76335645076,5117.270566922968,1.2428007000645251,10.468876007215014,0.8439510257882747,720,-0.4800904603550154,2.892038926674089,-0.738469874954764,2.950938259096747,-0.7895639059169688
138820713,5730.01,1,val,CP,1.9271225,898.6821302,1.4530399,11.1557,1.927080893882208,1900.386091320884,0.0625,744.1006032526439,8.54224767194614,12,1.927080893882208,638.8006969070134,7.310934982816668,hit,True,,1.927016557683749,0.00027602848534875977,1913.8770539787836,0.0265569891956178,10.405416610976213,0.09845649735918531,836.4644107619057,210.14989746986956,1.4480505161321142,1.3611494774873878,1.091105629733095,4261,-5.4974354900143025e-05,-0.06923217603564437,-0.0034337555822698553,-0.1720091250873702,0.03231852064076145
259506033,3705.01,1,val,KP,1.9025032,10717.8931836,1.6652986,12.3824,1.902192083079864,2913.319369245317,0.0625,9981.31003737748,49.10893340532598,11,1.902192083079864,9007.373626955854,44.31841297241187,hit,True,,1.9022551537941907,0.0001045808397744639,2924.7324174862038,0.11108371300928173,6.572163403534375,0.7784895183725873,12152.909871411377,260.28755569038856,1.769714985369999,0.048338150878648595,0.9127384242875846,4235,-0.0001303788639142393,0.13388981054664464,0.06270129895623455,-0.06872462093106166,-0.09926063710135832
264508014,4474.01,1,train,KP,3.3119026,7620.7493837,1.181072,13.692,3.310153169449219,2422.51474880316,0.0416666666666666,6421.869751855663,8.758745989170237,8,3.310153169449219,5865.107558787904,7.98817282221894,hit,True,,3.310057432058107,0.0005208158309205124,2432.44570898309,0.07655982338980666,24.065857466853753,0.1033282101224983,6947.273163275702,1748.2797224431497,1.1263456391430957,3.4724538598787773,0.8357189574154026,2812,-0.0005571323087498743,-0.0883740150102291,-0.04633617667416059,-0.157317813705909,-0.15331156779603738
142748283,2096.01,1,train,CP,3.1190716,2964.5828911,1.1585974,13.4764,8.833947980623964,1687.51946983109,0.0625,8366.751831134605,8.938939186993032,3,8.829440049049865,8368.085836886014,7.20796510839314,miss,True,,8.8303343942701,0.001712900692933647,1696.3677709435474,0.09210819734062388,63.7763884529029,0.1655038799093624,10022.743298997771,2502.52791390163,1.1418822137938054,11.285210367657719,0.920393241313926,921,1.8310778099066722,2.3808274779859038,-0.014427087620078138,1.8222357540591978,0.29466888152864823
46020827,7471.01,1,train,KP,9.3911326,6074.3894093,4.5117643,10.4725,9.389563244571638,3775.438574161069,0.1666666666666666,5238.949483820104,60.69650074358006,2,9.389563244571638,2483.241161694811,28.7728394780083,hit,True,,9.390729014524359,0.0007308056720604568,3784.8261197389793,0.07273146730681199,14.85203399987665,0.5489160190904293,5875.495309633161,147.9288478578817,4.457778175379869,0.11226397830977486,0.9827976506815939,1182,-4.297516527896505e-05,-0.03274306045679726,-0.011965634955738089,-0.13753479883934044,-0.11342886418069358
139285832,332.01,1,train,CP,0.77685,830.0,1.43,11.5273,0.7769128781995548,2062.4470365742272,0.0625,1118.5782506581932,15.86275454485564,26,0.7769128781995548,1044.6833086079278,14.839504244015457,hit,True,,0.7768886750862992,7.934750422826634e-05,2073.323703567899,0.03197942941676551,3.9817850714517675,0.03324858580092348,1214.7249554025352,301.8224484950903,1.5551937217327407,0.382078408356864,0.9068687965071409,9324,4.9784496748636206e-05,0.4635240426536569,0.08754805715576279,0.34768463934722066,0.048951048951048994
272212970,1902.01,1,train,KP,1.6091845,13450.0,1.63,13.174,1.6089996616450313,2309.5155875755054,0.0625,10733.146368658916,38.849147848667485,13,1.6089996616450313,9667.136189106925,34.59979043698397,hit,True,,1.6092055357268091,0.00015119222494206012,2320.7783414994283,0.1389696040668408,3.829091138861721,0.9182924119732521,13514.297783377539,3312.178774781858,2.2406310648890373,0.19379744471546986,0.8773059276766537,4761,1.3072290224716602e-05,0.004780504340337436,0.37462028520799845,-0.20199655251606574,-0.07975460122699381
150428135,700.03,1,val,CP,9.977273,459.8525479,2.2583631,10.9102,14.81300017137604,1340.0871616816696,0.0416666666666666,2970.559531953589,9.812865452229769,1,14.818883414492944,2623.843297056663,8.649660112003453,miss,True,,14.84036825709003,10.905911038121575,1340.087092051355,0.051619161944868576,102.18349196659149,0.0023060549649546146,3165.0456437366524,823.2559553803455,1.1667838801519466,0.3738543326827603,0.9243152406035988,525,0.4874172789588929,5.882740257046323,-0.48334974116786333,5.459808792012108,-0.557201408400625
371443216,1924.01,1,train,KP,2.8240691,8970.0,3.808,8.0552,2.8244221259572013,2282.436616286751,0.1666666666666666,7065.270101091328,546.2588205026342,8,2.8244221259572013,7065.057458787897,546.3121790186937,hit,True,,2.8240474082845215,2.6465607300493387e-05,2293.7347085199517,0.08602809959893384,5.721865451616677,0.2932669057007707,8646.464311811596,16.218430173613104,3.970276988605117,0.010456211892819114,1.2574931904536009,5737,-7.681014419406426e-06,-0.03606863859402493,0.04261475541100767,-0.21234447033541495,0.05042016806722647
318022259,1730.01,1,train,CP,6.2262315,1488.0,2.239,10.3595,6.2226735935328295,1844.379742702533,0.0833333333333333,1648.7239829732878,16.428419666047493,3,6.2226735935328295,1402.7963180284607,13.98057813904821,hit,True,,6.222752892322145,0.0009629188886923565,1856.8272292638183,0.03932397409838501,19.97947982321011,0.42536795703050745,1771.6688220072997,449.8480993177811,2.25768444502717,3.723637176580083,1.144150107452196,1070,-0.0005587019496231415,0.1906376491984541,0.00834499554585536,0.1080134294175321,-0.10674408217954479
317520667,7058.01,1,train,KP,2.4651801,11993.572763,3.5668145,10.1154,2.465215497508157,3480.4290186330068,0.125,11664.907543251264,183.0709878805206,7,2.465215497508157,9105.01214493217,143.1346917956821,hit,True,,2.465478739885072,6.151117661840901e-05,3492.7551378471467,0.1033258117419735,5.593327549877188,0.20574515697194115,12574.994503773529,104.29453255114986,3.6759132011589775,0.04958044377935629,1.7057059374093986,3617,0.00012114323212001817,0.04847777657773557,0.03058715309107818,-0.027403445682396155,-0.15891336653476093
183537452,192.01,1,train,KP,3.9227113,11362.3670709,2.6326626,10.2499,3.9231381911636585,1356.4129154222455,0.0833333333333333,10590.340678148776,168.3000886120232,6,3.9235651655330535,10021.202091498104,159.05487703331085,hit,True,,3.9227334282991473,7.391145398184611e-05,1368.183012889127,0.09894721566687166,11.734202061307514,0.37907643188685325,11298.091481643956,71.15548391334096,2.6390815410298933,0.023168761229092023,1.0173193371266542,2101,5.641072578365034e-06,-0.005656883715775989,0.002438193572504564,-0.06794591196833011,-0.24031283006033552
61205803,3636.01,1,train,KP,4.2186625,18527.6525232,3.2580998,12.7628,4.219226084254236,2855.361676051908,0.125,16233.015913070112,69.43657800266158,6,4.219226084254236,12566.32220537581,53.63695254816005,hit,True,,4.2186091358034545,0.00023090273040164404,2868.018557060331,0.1256254371938329,11.132382578239286,3.789467224984619e-05,18724.535466786096,6230.5118675445265,3.2642186764097056,0.7529815737437431,0.8924973671787736,3240,-1.2649553394049591e-05,0.010626437609382179,0.0018780506385057765,-0.1238492899873086,-0.07921789258880287
305243225,5798.01,1,train,KP,1.2129139,14617.2679583,2.1862785,11.734,1.2128379875306083,2770.5202103447623,0.0833333333333333,12754.433032159175,138.99168539477728,20,1.2128379875306083,8644.217260080912,93.20575332749064,hit,True,,1.2129116674079092,2.4947926958428286e-05,2782.648341537286,0.11146988673058882,4.680967762003454,0.17114615889527768,14668.64605712026,267.7000473276218,2.1958620348032607,0.06278800775862108,1.016878720516701,7170,-1.8406847268847472e-06,0.0035148906736081394,0.00438349222354833,-0.12744070447741007,-0.08520346332820851
158623531,246.01,1,train,KP,7.8728937,14639.4155321,3.7599578,11.2794,7.872601044442177,1355.7321749482792,0.125,13868.335938165355,131.082421917695,4,7.872601044442177,11377.01065266148,107.43361116467771,hit,True,,7.872847674430188,0.000265602122994469,1371.4779297664506,0.11317354577669075,17.150238109594323,0.2995088842298266,14943.880045199643,149.6815449799218,3.7628565280887942,0.050189123077798305,0.945093159048038,2126,-5.846080433090294e-06,0.02079758665446996,0.0007709469741373723,-0.05267147395631268,-0.2021187046301424
212253390,2211.01,1,val,CP,3.0926858,272.6778328,2.2149195,9.2551,3.091921915428881,2038.1070568296177,0.0833333333333333,288.2292514883337,8.946397445089454,8,3.0909155830788584,281.6742224838526,7.559581751303343,hit,True,,3.091076330863152,0.0005487780347448985,2047.3820583721001,0.01659650251382416,12.432926852594287,0.0874092696067595,326.81143708612746,89.69425277932038,1.9258714401936718,1.848391138387828,1.1061104263697534,2880,-0.0005204114614060651,0.19852587109944012,-0.13050048085554725,0.05703220730722245,-0.09703264610745493
280437559,969.01,1,train,CP,1.8237371,1890.0,1.347,10.5424,1.8234305548352,2230.14310052349,0.0625,1456.7227642126338,25.68864169428273,13,1.8236542582083213,1287.4025684278165,22.715346374303056,hit,True,,1.8236178899143565,0.00010852976092913194,2241.0819782100334,0.037658307844847236,9.869094992529055,0.03577668771761178,1684.3400133891296,501.6917813291589,1.4666257680305579,0.5190677569320116,1.0234202229740197,4705,-6.536582802616042e-05,-0.10881480773061927,0.08880903343025828,-0.22924721470231016,0.11358574610244991
343628284,1448.01,1,train,CP,8.0970819,4723.0724376,3.127852,13.1717,8.11166569282054,1713.3334771949578,0.0625,5834.497567606295,6.548149633195462,3,8.11166569282054,4840.721534588932,5.447646324259268,hit,True,,8.108381106611466,0.0030315742943901537,1721.4440509982892,0.07139593948646082,36.80294640033817,0.040136863910826416,6051.865028792292,1407.8986763189869,1.80226853810766,10.131432188673687,0.8466238515146169,1060,0.0013954665089242549,0.2813407180914443,-0.42379993103648766,0.23531824774871735,-0.5204376677668892
147797743,6072.01,1,val,KP,3.691559,16316.0231993,2.720758,10.7447,3.69133142531675,2582.29647315628,0.0833333333333333,15241.914271299856,190.1747033074139,6,3.69133142531675,15149.456914206325,188.3194977147743,hit,True,,3.6914462068753866,7.731915668652882e-05,2593.370457460312,0.12441558894123324,9.547140791295906,0.6416550565266786,16569.37201513742,96.07177111902972,2.7379157357555357,0.020449063742547322,0.986962421746801,2158,-3.055433344373165e-05,0.015527608213273916,0.006306233687647228,-0.06583153963928082,-0.26491073443503643
142211778,6273.01,1,train,KP,3.052057,9403.0926011,3.4817792,13.9069,3.052878474002484,3016.8438257398866,0.125,9965.655008231572,19.012357291422205,8,3.052878474002484,7223.02409674452,13.832926985327092,hit,True,,3.0513114426317443,0.000816394489304077,3026.0039901145224,0.09468208687564787,7.124171735132723,3.690380320996842e-06,10642.740550546037,574.0238965101094,3.596048347263375,0.10066047206155893,0.8728428638763377,4329,-0.0002442802897376317,0.13183406800662803,0.032819182578658346,0.059827381372992365,-0.13837155440528798
431701493,5970.01,1,train,KP,3.0927432,28695.1012159,2.2215324,11.5189,3.0928398910343664,2825.799504770049,0.0833333333333333,24864.31024426732,255.45217449525543,9,3.0928398910343664,24053.52005506688,247.83900718633384,hit,True,,3.092755849667304,3.756231657355061e-05,2838.1714967830508,0.160005811388787,11.472296957297175,0.3881035253479807,29437.225557078174,118.68830662484811,2.2560432159264314,0.01271290480088085,0.9418767417924012,3088,4.090112397257725e-06,0.025862405418767574,0.015534689445191683,-0.13349982433621918,-0.09972053524855229
176685457,1935.01,1,train,KP,4.4352884,6410.0,1.89,12.2682,4.4343810539677415,2259.637616261542,0.0625,6280.069983258994,22.41975992847883,4,4.4343810539677415,5472.679696858319,19.45614646631034,hit,True,,4.435858836256463,0.0004887855991762682,2268.5087680131783,0.07479353676479618,19.52722780247372,0.0025339615385840814,6643.155192805894,1945.7092871715424,1.8661298526256218,0.572490995133113,0.970634263057373,1440,0.00012861311486817676,0.03637366502432049,-0.012629707605491055,-0.020269893407333168,-0.2063492063492063
408618999,1736.01,1,val,CP,7.0731057,439.0,3.819,8.3302,7.072157733901875,1792.793346623096,0.1666666666666666,420.981732376435,19.885893584202357,4,7.072157733901875,283.0573870144006,13.341738875747104,hit,True,,7.072027023695314,0.0012525955583755906,1799.8645192568993,0.019562886841380807,13.105879120175285,0.0276123453364886,454.62449489408476,112.6781859833803,4.2056534779456705,3.5220715246423007,1.2871506335845648,2571,-0.00015250391418379647,0.03559110454233431,0.1012446917899111,-0.041043889803109364,0.047394605917779074
441739020,1670.02,1,train,CP,10.9836724,315.0,2.636,9.4682,4.431230528921338,1715.2365990457708,0.0416666666666666,393.3131670520637,6.021837155443385,5,0.8855403003964774,156.29418165229646,5.724176023096605,miss,True,,4.431585920117523,0.0019207146947412092,1724.0991485607417,0.017789038282162804,33.683100048325045,0.10002872939952005,375.3058325975944,500.4640492609236,1.0181834061923642,4.4750628921748214,1.216331267132903,1626,-0.5965296707030772,0.19144708761141085,-0.6137392237509999,0.24861322873671018,-0.6206373292867988
328513434,6383.01,1,train,CP,1.7904917,47315.0,1.223,14.4506,1.7908978777251878,3286.3388277420204,0.0416666666666666,60408.68496735525,32.13518734347791,9,1.7908978777251878,56201.85810382145,29.81745016628941,hit,True,,1.7906858309371927,0.00012113941441236294,3300.665429429841,0.23374465660647392,11.319165632782255,2.8702411807606504e-07,64597.384635067036,2118.081731945876,1.4940162462011657,0.03221950345068507,0.8641990983599425,3234,0.00010842325445723729,0.36526227697489244,0.22159954718002092,0.2767343330308623,-0.1823385118560929
151825527,672.01,1,train,CP,3.6335834,8668.4420489,1.8069693,11.6739,3.6339187303838822,1546.480087013076,0.0625,8026.245136892772,45.29612056078762,6,3.6334452518445977,7125.649797990019,40.283778742557125,hit,True,,3.633603277277987,0.00018703049965172698,1557.3808391682355,0.08718648294000404,15.029984569111768,0.46036098412408943,8638.01534152353,732.5566087664516,1.8211724729874983,0.10588170434662192,0.9167210806685689,2113,5.4704339487941265e-06,-0.0035100548870059707,0.00786021820486839,-0.07408446735693654,-0.1698807500492676
138168780,1651.01,1,val,KP,3.7649949,14735.0,2.642,9.88278,3.76536791982812,1817.5835334150245,0.0833333333333333,12965.17469672563,233.32824398190655,6,3.76536791982812,12776.884139104552,229.74010198413023,hit,True,,3.765064067742316,6.435453332834149e-05,1828.8796554442893,0.11427599294440138,8.606880668370161,0.6729899814268819,13780.780578010465,57.99337458118376,2.982310031574027,0.017087018640541678,1.1380533501373558,2236,1.8371271184434288e-05,-0.06475869847231323,0.12880773337396936,-0.12011030222425317,-0.24299772899318728
122785299,4592.01,1,val,KP,8.8849511,16966.9658671,1.9958507,14.575,2.2198361082674007,2392.1333936795786,0.0416666666666666,10936.33791280361,6.989554013427376,13,2.2198361082674007,9846.532517746424,6.285666351018519,miss,True,,2.2200320686357986,0.00042030811427465613,2405.453192707217,0.10246205648843473,16.773856791941398,0.07533816143091959,12449.330330420062,3178.489576957376,1.112886853277711,2.8948149314258527,0.8619361875581157,4459,-0.7501357020821646,-0.2662606603953812,-0.44239974799832926,-0.3554334936212815,-0.4989605184395815
441738827,2084.01,1,val,CP,6.0784748,2760.298646,1.9914771,13.3257,6.075747440934077,1741.072892904682,0.0625,3678.9228835430577,6.629602256725086,4,6.075747440934077,3155.2923727773364,5.688805012858807,hit,True,,6.0718809477448135,0.002051887571158055,1753.2252590842543,0.056827075383493124,26.387754153544176,0.05999636338832527,3833.2923698914947,951.592753473517,1.8552484195981243,6.8728446111454415,0.8654309860614962,1433,-0.0010847872981536318,0.38872378010487724,-0.0684058483031895,0.3327988581504588,-0.2467902342437179
138294130,2012.01,1,train,KP,3.0565259,8800.0,4.145,10.6506,3.0567861674413823,1955.9156667055724,0.1666666666666666,7477.442576512146,140.79543754855263,7,3.055676466420979,2650.6828999137647,50.02934559628565,hit,True,,3.0566042135427622,0.00011177908510565028,1971.1999395060323,0.08447349011197867,5.970550629480815,8.52396022537203e-05,8472.834275175755,2910.795435802746,4.265034989213157,1.1795730237338138,0.8488656886811532,4685,2.5621750092881783e-05,-0.03717792327548233,0.028958984128626575,-0.15029061630543797,-0.034981905910736154
269269546,4488.01,1,train,KP,4.45417,21409.0524466,2.27143,14.3945,4.451236854558153,2424.3879643424166,0.0833333333333333,19708.875765877816,9.867338086605525,4,4.451236854558153,16463.21148110385,8.225986240756484,hit,True,,4.453344049854881,0.0017506578963380531,2433.2913461228986,0.13154815297492717,15.18671334292976,0.09569062547852344,20495.102952866608,5295.994911231943,2.5281729532773363,4.413396931200198,0.8700516305273922,1715,-0.00018543300887028765,-0.04268986196437371,0.11303141777529406,-0.07941391544361369,-0.11949740912112675
403224672,141.01,1,val,CP,1.0082361,228.0,1.41,7.384,1.0078263141568624,1325.539295222669,0.0625,209.7496434930392,24.58450147992797,27,1.0080713782004564,187.66926796715288,22.02040166314525,hit,True,,1.0078855322558666,4.312155407011711e-05,1338.6415335053673,0.01376321933194595,5.206655311080041,0.12893740022469483,224.3943073966248,57.67093324962491,1.4968597952922946,0.3636530340534103,1.2559157361924924,9169,-0.00034770401906193834,-0.015814441242873636,0.061602691696662916,-0.08004542327614385,0.06382978723404262
88992642,2145.01,1,train,CP,10.2611329,1900.0,7.369,8.55942,10.278346205097938,2013.2598128018856,0.25,1793.4780935827448,80.11376331921399,3,10.2676790628601,965.4769190422684,42.18575671653626,hit,True,,10.261249479086967,0.0008544211675281506,2023.5415162326012,0.040067795267111725,10.895328917921509,3.8162696506074175e-07,1907.1713428795433,23.87060741344284,7.494535593449104,0.03459842293784891,0.71469925220743,2937,1.1361229613062532e-05,0.003774390989233325,0.01703563488249481,-0.05606416127223958,-0.18577826027954944
268823307,2182.01,1,val,KP,3.5484481,7022.0056891,4.5123025,12.7655,3.548731915603652,2423.4214241272366,0.1666666666666666,6827.546532495927,33.06951100143373,7,3.548731915603652,4532.049849163482,21.892387676203256,hit,True,,3.5485792487986267,0.000663179646892539,2434.068239472683,0.07904612435840151,6.3616929849727555,6.344317097454728e-07,7419.641603451765,2633.6756470079436,4.6204887760191795,1.4160051741723987,0.894899079078367,5201,3.6959480575989454e-05,0.056627113670528674,0.02397584736820722,-0.02769282242336051,-0.11353460899396738
268604331,4466.01,1,train,KP,5.0141991,6026.126007,4.5606871,13.3926,5.013690135810502,2423.83188804176,0.1666666666666666,4874.622434528471,10.545869394005567,5,5.013690135810502,3460.4429786234105,7.483499924696523,hit,True,,5.013288395388677,0.0028389643682677846,2433.863223537693,0.0658120343644819,8.631442078642348,0.07927943066979425,5138.3402726224995,1253.435774401361,4.728230155559364,4.444223161946892,0.8525535674692564,3340,-0.00018162513956082322,-0.14732279632822826,0.036736362720293715,-0.19108521314256166,-0.12293917291541483
53728859,6013.01,1,val,KP,3.2573898,13770.1931364,3.1400826,12.3396,3.2570796139726794,2853.9241985452104,0.125,12770.606074558858,92.97637991769108,8,3.2570796139726794,7136.147369614189,51.60198185852596,hit,True,,3.2574399494619346,0.00012801870527401002,2866.9521713917666,0.11250416251686682,8.578590906575515,0.1790033456219617,14934.148215211995,944.3538828476215,3.194594427267154,0.2017336635934035,0.9198064824911,4109,1.539559739970698e-05,0.08452714259578596,0.017359997876219592,-0.0725906348545571,-0.04461111946545608
386259537,1932.01,1,train,KP,5.6107737,6651.6899169,6.3384834,11.3299,5.610058185350408,2234.551379373232,0.25,6027.465766076633,67.80094022744693,4,5.610058185350408,3872.324495567713,42.60382036303623,hit,True,,5.61101187788897,0.0008048377454163801,2240.159164396516,0.07553432789912887,7.240545954400524,5.1354188108835784e-08,6775.342335641255,110.50358600242959,6.390954498247787,0.046884773136487444,0.9347825465665214,4752,4.245009720668956e-05,0.018589624634649683,0.00827817869615096,-0.09384444533973169,-0.0534013230988347
176899385,1373.01,1,train,KP,3.8529998,8913.0,3.225,9.995771,3.853282579826124,2853.7028672480883,0.125,7599.01995454571,186.7286340687361,7,3.853282579826124,6372.986877604179,156.72231864977743,hit,True,,3.853027965384859,8.114453825398573e-05,2869.116039390599,0.08801720630931119,7.947316839264669,0.5755772934775278,8526.512716472313,46.396274591907094,3.4365071468146384,0.026134487660436145,1.101778333202072,3758,7.3099886636531754e-06,-0.043362199430908493,0.06558361141539173,-0.14742287057716708,-0.06976744186046514
384984325,6109.01,1,train,CP,8.5386633,1730.0,2.337,10.3622,10.80086893739754,1791.65122217205,0.25,2478.85197036891,31.239873430755942,2,11.035250308481306,2543.4661024059787,26.14529968917068,miss,True,,10.795321748639832,0.00469827346647166,1802.4605598360918,0.06183376704397184,3.808770198443416,0.9011729117035894,3251.0153947273857,122.3146479546893,12.563744780392856,0.5227031951780622,2.6516080710309344,1862,0.2642870867902512,0.8791996501314369,4.376014026697842,0.43286241061786696,1.5673940949935814
288144647,6223.01,1,train,CP,3.8553342,6624.0,1.895,12.6758,3.856314103282347,3585.122072123964,0.0833333333333333,6852.609010649128,23.27512272863163,6,3.855379800093007,6561.23328551293,19.30374404948682,hit,True,,3.855538357328522,0.00037784447263693736,3596.6910615975908,0.0829643842514009,15.133348759045745,0.3170879166629815,8018.475688046811,2006.0546544203823,2.017427010948021,0.2861994282436596,0.8412230040597823,2130,5.295450872244979e-05,0.21051867271238092,0.06460528282217455,0.034512229868527824,0.05540897097625282
399954349,4593.01,1,val,KP,7.8344688,2017.3628771,3.1260803,11.6052,10.558717555391942,1687.4308090896636,0.1666666666666666,1336.5840129106966,9.770254054727822,3,10.513804677275775,1167.6742229996912,7.384214150194855,miss,True,,10.569439780968356,0.005824993612408203,1697.9806081974054,0.03202866052859137,15.910288409239158,0.5139572508897725,1151.7890948129495,313.2991235250413,4.546624668222188,8.540069207062416,1.1034674054637306,1922,0.3490946292323426,-0.42906201562077434,0.4544171076546525,-0.3374597956159166,0.2795576620344648
99224131,4486.01,1,train,KP,2.6915408,7265.0,3.986,9.93225,2.6914594390096336,2422.2436901416995,0.1666666666666666,6305.059841801353,158.97447704115604,9,2.691032570966832,2307.418298512685,58.29223827094777,hit,True,,2.691453653732479,8.36695906047876e-05,2433.007917587252,0.07773699845736054,5.278372423131015,0.00022479669398333334,7176.044761566413,2484.5829109578767,4.227910878482843,1.2048393740557055,1.4134212620241953,6312,-3.2377836338550855e-05,-0.01224435491171185,0.06069013509353818,-0.13213216217462445,0.0035122930255890653
69356857,5232.01,1,val,CP,4.0966887,5620.0,4.557,11.7791,4.096659650176157,3316.7509590132813,0.1666666666666666,5370.466972110717,32.51705104957363,5,4.096659650176157,3405.636257760716,20.482821302598605,hit,True,,4.096978763666162,0.000768106039402736,3329.0448015635293,0.06870014144507332,6.879660233123201,5.5149083839371445e-06,5605.25534575429,1956.7038650136951,4.8817585086174935,1.4432072315862932,0.980620034748964,3685,7.080441971651096e-05,-0.0026236039583114024,0.0712658566200336,-0.044400894642221245,-0.12222953697608122
44745133,1911.01,1,train,KP,7.8181434,3650.0,4.98,12.5757,7.830046432394859,2150.633128504141,0.1666666666666666,4587.7529679503,14.171653736443572,2,7.830046432394859,3106.601553588942,9.606447484895671,hit,True,,7.824921346045159,0.003028232349462717,2158.4637707933966,0.06365040364171165,13.088852839117179,0.02457467314724713,4811.291894156855,1301.7135408890922,4.861859480550592,5.15180124154577,1.042221359928924,1496,0.0008669508473276575,0.3181621627827,-0.023722995873375157,0.2569186213562467,-0.19678714859437793
101955023,667.01,1,train,KP,1.6289322,2512.1192447,0.809276,10.8372,1.6289246112010527,1544.7183532585552,0.0208333333333333,2661.5982678280634,20.63715828802126,14,1.6287351599407172,2534.051363756727,19.62705773607381,hit,True,,1.6288119808286372,6.329836692656063e-05,1556.1164013920147,0.04786259838048516,16.646242695414944,0.0002756194306920038,2721.230098820526,788.5152715822638,0.7838043398779573,0.5071414345247276,0.9643180578061085,4951,-7.380244025057292e-05,0.08324081532423375,-0.03147462685417919,0.05950315592837811,-0.3821638106159095
232982938,1828.01,1,train,CP,9.0941239,2570.0,4.389,11.1315,9.093059297605508,1936.2748974015967,0.1666666666666666,2778.6234446031976,28.8590854246379,3,9.087573422736412,1615.3788465216323,16.826749407190785,hit,True,,9.095359126356088,0.001655345596806403,1945.3745858453876,0.0497177343828259,15.413511231743957,0.0025273615244415797,2936.215955286592,882.4112247501582,4.735732986174687,1.3000344574861782,0.192148701784305,1950,0.00013582686685067693,0.14249648065626144,0.07900045253467465,0.08117643758879285,-0.08863066757803645
260647166,1233.01,1,train,CP,14.1758947,907.1324529,3.7543827,8.6522,14.187334064681838,1571.3327731604609,0.1666666666666666,851.6840013251405,24.47755546205189,2,14.16660058102778,720.3596735021353,17.955833774945134,hit,True,,14.17682559760986,0.0023110153488868916,1585.5125221897829,0.029312991602094902,28.043466223979514,0.34414761702144,998.0083307248311,265.94395654954786,3.7474327680217003,5.671091457650952,1.1506960732748328,1257,6.56676442340363e-05,0.10017928201588559,-0.0018511517161794715,-0.06112497838391415,0.06542148726606864
374530847,5797.01,1,train,KP,2.152163,16986.633013,1.7531966,10.9984,2.1521606850134045,2770.23113909402,0.0625,14094.877046353353,138.4498922105755,7,2.1521606850134045,14025.214993973612,137.47695136873995,hit,True,,2.1521892980386563,3.536640442327906e-05,2783.144274178329,0.12819278584290383,8.161711165556158,0.7170557887158062,16893.052274013164,126.7256345646257,1.7648110301274884,0.018424703572616757,0.9552640326371646,2077,1.2219352649637876e-05,-0.005509081106021247,0.006624716319600612,-0.17023714849396954,-0.14441996978547647
291685334,6021.01,1,val,KP,2.0319883,12273.0056923,3.4937463,12.489,2.0320927016274832,2853.8532380928214,0.125,11566.297786726584,92.19518958476333,12,2.0320927016274832,9598.325540602757,74.8178657967537,hit,True,,2.032012787480204,8.95216031779084e-05,2868.0780978602447,0.10360548675402631,4.8081419120284625,0.20506722395612298,12643.752091673567,630.4455679508325,3.5346710422426604,0.20067261940608308,0.9039519867141338,6620,1.2050994685355792e-05,0.03020828056864433,0.011713713226017636,-0.0575823008064601,-0.14132288311833066
9828416,2114.01,1,train,CP,6.2099619,4090.0,4.49,9.8251,6.203158021374684,2719.048189159977,0.1666666666666666,3332.713420905844,48.04689017663139,2,6.203158021374684,1723.1935096862674,24.71860906428041,hit,True,,6.20602985202779,0.0012922631813279141,2731.458841312119,0.05850787416973988,8.612064408032964,0.6629399211083564,3641.3693787309408,165.0709054633964,4.5633816729979415,0.1666264934606359,1.1227256019785696,1215,-0.0006331839124826239,-0.10968963845209273,0.01634335701513169,-0.18515564281030708,-0.10913140311804052
355703913,111.01,1,train,KP,2.1061569,12142.2238514,1.4688934,13.183,2.106342761190375,1326.103050661859,0.0416666666666666,9874.73378284396,25.65421769114245,11,2.106342761190375,8734.780505351491,22.59241245307129,hit,True,,2.105883752405687,0.00020800340890108918,1338.741614852749,0.17897411393333176,6.5332332917385205,0.9999999964829609,12169.093261468977,56844.398754687754,1.558533872965473,1.9011240949827017,0.8861574637116376,4113,-0.00012969005030593082,0.0022128903566441156,0.06102585318000132,-0.18674421558243623,-0.3192154039224368
306648160,3321.01,1,train,CP,3.6525305,9770.0,4.153,10.6651,3.652743118327904,3098.663743114245,0.1666666666666666,8291.961469413338,153.95559279374731,6,3.652743118327904,3258.3060977926925,60.33759575204397,hit,True,,3.652750808108909,0.00011818495963095486,3109.621494937135,0.08966804918639953,7.239210738728561,2.3935075223716355e-05,9546.159126143317,3298.715827331863,4.2163649150020985,1.1776074349057262,0.9312689689235519,4319,6.031656926854348e-05,-0.022911041336405646,0.015257624609221998,-0.15128337058205343,-0.03684083794847132
445751830,3757.01,1,val,CP,3.4391954,32914.4087358,1.6681096,13.1858,3.4392126776716503,2911.6674880183486,0.0416666666666666,30573.964083069663,58.999906597868026,8,3.4396049305832914,18503.337603153694,43.85132181636457,hit,True,,3.4392535129602226,0.00014976660276029514,2925.424124112092,0.18120524848458178,14.356596842264022,0.7333072288011507,33129.66690307906,614.7066527416232,1.6980965749543375,0.03876400201230053,0.8538285293838248,2701,1.689725457955157e-05,0.006539937235601166,0.017976621532744343,-0.07110699364271764,-0.4005190066647908
351601843,1075.01,1,val,CP,0.6047392,1027.6833479,1.0403847,11.1186,0.6047665925634926,1654.2514196725492,0.0416666666666666,866.2344030426066,12.983153866921084,33,0.60480428636733,843.0892063889154,12.639789788472454,hit,True,,0.6047911284273889,4.45520357226654e-05,1669.9748156764858,0.028348003313111672,4.566144235426025,0.11204814803582847,952.5983114145876,227.98103328215998,1.0435016372986705,0.305060858099389,0.9721805889156605,11475,8.58691273674353e-05,-0.07306242398385017,0.002995946882600806,-0.15709989384113615,-0.038817083719129564
83092282,622.01,1,train,CP,6.4025295,3814.9508945,3.9233956,8.5615,6.404347624075409,1520.6884321516204,0.125,3716.693274453225,118.30172516653428,3,6.404347624075409,3377.776083884057,107.49372783346074,hit,True,,6.401847943821844,0.0002741262739867426,1527.0949322710542,0.0611937247155791,10.093486966848815,0.6789056998681187,3951.8603962090947,37.025048057396226,3.9652304053763876,0.04309464310779425,1.170646930884907,1598,-0.00010645107971093746,0.035887618345619286,0.010662907756838874,-0.025755933107404438,-0.23535623070994932
120692092,5984.01,1,train,KP,3.4130781,4017.8298399,2.5787928,14.0672,3.4051462348521007,2392.189541835967,0.0833333333333333,5260.60566802726,7.975033898663923,8,3.4051462348521007,4710.163465898073,7.147913666972842,hit,True,,3.405569481549677,0.0011770041195419236,2405.810913445517,0.06814852143842777,12.706779609651365,0.06761786281280244,5511.184870003239,1346.1747425104804,2.1852052359674055,3.8410816070750737,0.9105486103262254,2879,-0.0021999550641173503,0.3716819998878815,-0.1526247335701397,0.3093151969218766,-0.22444331316575758
287139872,1752.01,1,train,CP,0.9351891,1150.2871156,0.7694649,12.7463,12.549456018998818,1685.066493717599,0.0833333333333333,2776.0815181743114,6.731159740360078,3,12.549456018998818,2385.462415955073,5.785828587850751,miss,True,,12.549980036830839,0.0034608060903535136,1697.6149824383199,0.05119451795925261,50.18070071894378,0.1031436887176159,3107.3439349851296,793.1078456201745,1.998860146139111,14.91258746256678,0.998249910923051,913,12.41972445661614,1.7013637663535082,1.5977275196556866,1.4133813901986396,1.5992088787935603
22221375,652.01,1,train,CP,3.9846589,445.0,2.146,7.3635,3.984468570626881,1547.236508436543,0.0833333333333333,369.993694625061,25.191875421672027,6,3.984468570626881,306.9017200535947,20.87270214351501,hit,True,,3.985072602439411,0.00032892422162250287,1555.208044277032,0.018023696190189214,12.811258250962084,0.087878172672707,385.4283787072532,103.16214437338193,2.4127065223426576,1.5972114985427264,1.1514963498005808,2148,0.00010382380268762249,-0.133868811893813,0.12428076530412753,-0.16855349522458207,-0.06803355079217185
339672028,481.01,1,train,CP,10.3311621,4577.0,5.626,9.3935,10.340793188810649,1470.3101713260037,0.25,3720.575878554645,98.35048669921392,2,10.340793188810649,1626.9807919729933,42.99577400859402,hit,True,,10.330914999689146,0.0010863951121338957,1480.647344426451,0.06372498328970755,12.74510679278476,0.49101475777703457,4584.094713181552,62.23572112203398,5.852934926028139,0.0890550751430561,1.016762045611191,2148,-2.3917958934612006e-05,0.0015500793492575758,0.04033681585996064,-0.1871147304883887,0.06647707074297897
39699648,1778.01,1,val,CP,6.5273884,415.430891,3.1190657,8.4594,6.526740041256349,1875.9991142937663,0.125,421.48392721502825,16.55771541739578,4,6.526740041256349,304.2495915996642,11.951189459619144,hit,True,,6.526691918548605,0.0010841715997396124,1882.5263295457082,0.019659611294611405,16.448972987706657,0.10041390417645568,458.3758048196662,114.15424002770126,3.0777879567210302,3.6642737108866177,1.2579515907512786,2135,-0.0001067013955222382,0.10337438729289447,-0.013234008914582958,0.014570501005492804,-0.03817351458803839
142532090,4737.01,1,train,CP,9.3202467,2200.0,4.963,11.992,9.303053922739515,3667.07638509702,0.1666666666666666,2900.209511193589,13.92403710364196,2,9.303053922739515,1786.9097232173417,8.516440539054171,hit,True,,9.315746635601078,0.0030927418839890746,3676.3792389297105,0.049666654902510966,14.463567594148204,9.53141530146695e-08,2930.190462455462,222.44044178059727,5.169362349732544,0.15699149104875154,0.8941467385653076,1657,-0.0004828267473780411,0.3319047556615735,0.041580163153847216,0.3182770505425405,-0.1940358654039899
85593751,4516.01,1,val,KP,3.7224626,19962.6105832,2.595678,10.9332,3.7222155655751994,2450.01237022898,0.0833333333333333,18459.40847006015,167.19686195587636,4,3.7222155655751994,18368.86143363272,166.0505521894344,hit,True,,3.722652813023195,8.158882571702953e-05,2457.455975499473,0.13043480914058042,11.872522259814765,0.2994464325092264,19840.77610385382,134.92394786885598,2.6155859318179555,0.024778404988175264,1.035779050942149,1574,5.10987063227972e-05,-0.00610313359760235,0.007669646164876993,-0.07530087845348771,-0.22948840341521592
393831507,1820.01,1,val,CP,4.860673,6140.0,2.632,10.5268,4.860553850352781,2641.885489883649,0.0833333333333333,5462.2666083396025,63.57850707547203,4,4.858031880081756,2343.062730933469,33.575510889244164,hit,True,,4.860701019218704,0.00034261747418743625,2651.6069670908305,0.08059704078130975,8.023706530601713,0.856214481319217,5916.458129327507,91.20864657430548,3.071891143276902,0.06147586097291125,0.9219631153761987,1439,5.764473089104017e-06,-0.036407470793565655,0.16713189334228787,-0.11038003121504845,-0.24012158054711283
26054627,5349.01,1,train,CP,3.3176675,25010.0,1.796,13.8117,3.319398757764911,3211.9424072640345,0.0625,21678.69836738429,31.00582825520032,7,3.319398757764911,19068.910304328445,27.27417381737255,hit,True,,3.3185925807949577,0.0003180580921093575,3221.900077145167,0.1400402967015132,15.104310429511509,0.0010452506398258628,23260.228440843188,7233.494932244162,1.915347786880257,0.3407191535446847,0.9121155181474583,2345,0.0002788346918301655,-0.06996287721538633,0.0664519971493636,-0.13319878579031222,-0.1648106904231626
149918151,3846.01,1,val,KP,1.540776,27310.0,1.705,12.9178,1.5407828179103666,2420.317102597053,0.0625,23365.23869969144,93.85676594211316,17,1.5408527794371532,19600.99911226376,77.65862296108413,hit,True,,1.540798918878863,4.115305225662309e-05,2432.642910299753,0.1492314087480865,6.901888025448823,0.3521132994137546,25768.77264360855,331.8638344614232,1.876061845532638,0.029440518246161052,0.8624930547624666,6118,1.4874893471333492e-05,-0.05643454252623396,0.10032952817163521,-0.14444384109515052,-0.12023460410557188
294301883,774.01,1,train,KP,4.4656306,17361.1064238,3.4927618,11.3473,4.465640078967797,1573.6148310374303,0.125,15970.105367879458,140.17005102731773,4,4.465640078967797,15929.118318179422,140.07990922314517,hit,True,,4.465482386418386,0.00015982954282393503,1582.545624247583,0.12193300287317296,10.951827245691078,3.0223842028809754e-05,17641.423962525772,5986.944666989476,3.5008430730856603,0.8754663870711602,0.9026788759038274,2245,-3.318984369508471e-05,0.01614629458992836,0.0023137200726544064,-0.08012168245300576,-0.141080848971722
166739520,190.01,1,train,KP,10.0205932,8247.6689406,5.7033765,9.6411,10.015409151295524,1357.5752592389028,0.25,6687.512365894877,158.761699569422,2,10.018192224004618,6632.675660016596,157.20933919793913,hit,True,,10.020655065900428,0.0003373379012166699,1367.5924354025767,0.08381753235606479,14.37692340997911,7.968876506957308e-05,8341.83892092788,2876.355472623464,5.77643519631658,1.6342884868409535,0.970424691825289,2353,6.173876056304641e-06,0.01141776919103984,0.012809727065463768,-0.18916333644590075,0.05200840239110988
166833457,404.01,1,train,KP,2.9626402,27118.3262165,1.9096724,12.3943,2.9626154647553373,1413.1663707237724,0.0625,23238.94511783268,94.5146072094722,7,2.9626154647553373,20684.03135455257,84.10269696162148,hit,True,,2.9625367957691378,0.00010657853964327272,1425.0165945416675,0.16202684044312315,10.976427611180851,0.6918452256618408,27293.36488919254,328.8848702835407,1.9312049619468001,0.029799731387060907,0.9768649080564141,2488,-3.4902729957658337e-05,0.006454626708710275,0.011275526601735506,-0.14305385471419438,-0.21452496250142172
52204645,209.01,1,train,CP,4.3794298,969.6957616,1.6639354,10.8545,4.378183080929795,1325.8876821681818,0.0625,913.0485787739174,9.15732968352934,6,4.378183080929795,626.4846182350086,6.2901381097204165,hit,True,,4.37817108158348,0.0007399193837653196,1339.0222004955835,0.0287404706571583,22.306669268542613,0.058375803863126186,980.7444012569499,250.4501510171762,1.5405646033366305,3.643938025530888,0.9755678163271125,2054,-0.00028741605049132946,0.011393923841349648,-0.07414398219027582,-0.058417480068815225,-0.09852269505174296
28900646,1685.01,1,train,CP,0.6691449,1254.3711932,0.9921631,11.1117,0.6692341825635227,1816.223047675252,0.0416666666666666,812.3397113456525,12.40579283106594,36,0.6690114554681946,772.6061443096216,11.770090703775836,hit,True,,0.6691708075957122,4.7258373616560514e-05,1828.9390338811495,0.02965860278630921,5.5535454596074585,0.41280134873245333,1010.2845239463587,248.87993647262653,0.8749795039768942,0.3387336849390464,1.0641370712942169,12682,3.871746719162542e-05,-0.1945888669772119,-0.11810920606007802,-0.3523928835823233,0.007898802122351134
175236511,5136.01,1,train,KP,7.8092052,480.0,3.393,12.0789,8.887825895463424,2505.75194554486,0.0625,2405.2888720132523,8.021883892148484,3,8.887825895463424,1864.6750576269328,6.214663499728968,miss,True,,8.88813565287474,0.002184412540106179,2514.6362058236277,0.04650422478976935,40.29905552904826,0.06577248642406576,2567.0327386333456,619.8609104033986,1.7599807678865527,9.083759204477117,1.0371631073161376,977,0.13816136536849347,4.347984872152804,-0.48129066670010234,4.011018483360942,-0.5579133510167993
126606859,4479.01,1,train,CP,1.1589013,3470.6759302,1.1688702,12.9374,1.1591124616654005,2420.756221701893,0.0416666666666666,3174.80335531784,11.308536824740168,22,1.1591124616654005,3048.2927188743647,10.86020581343216,hit,True,,1.158772102223219,0.00013862605380669397,2433.5045694307664,0.053508965595211566,7.622672388048139,0.29939282270093187,3344.3656934122323,832.0023046281732,1.1773913122225155,0.8832845408807102,0.9169305434855725,7941,-0.00011148298546304004,-0.03639355541342318,0.0072900414627009085,-0.08524926580082917,-0.14447301334228688
160578764,1930.01,1,val,KP,2.8786641,8710.0,2.207,12.1014,2.8788260249199364,2335.340141961862,0.0833333333333333,7834.544691183534,50.14116951810725,8,2.8788260249199364,6801.547521165281,43.39734721638964,hit,True,,2.87850584502885,0.00021285276759595785,2346.852867916833,0.09438514574481474,6.82212129331067,0.7720997269510224,8838.381111377581,196.30961704508033,2.521698889993065,0.06834594215742588,0.9566979294858353,2880,-5.497514320960599e-05,0.014739507620847412,0.1425912505632374,-0.10051151651164934,-0.0937924784775717
440777904,511.01,1,train,KP,3.3552444,11199.9266299,3.7362246,11.3072,3.3559225042130927,1495.0478455308923,0.125,10649.20107201577,121.42447728000896,7,3.3551235903649523,3374.099339333382,44.861358995994216,hit,True,,3.3552563492485104,0.00014850188013672188,1505.1168132107637,0.09831824833168057,7.580250196240168,1.1304362842315938e-05,11475.17201175141,3946.1788051311655,3.727032202770522,1.0091290285550245,0.8874027697510016,3754,3.5613645641502294e-06,0.024575641515061333,-0.002460343853385539,-0.049172246933652096,-0.1970504128686482
166648874,1806.02,1,train,CP,8.1960758,4699.5344472,1.4883227,12.6196,9.72482329413054,1905.2361949574615,0.0625,5168.088996449331,9.71140910192601,2,9.72482329413054,4435.021431719757,8.324449608063977,miss,True,,9.728679412566857,0.0013950331315809616,1914.957613501871,0.07092027552756981,50.324513071394605,0.20848554652227386,5926.249959852137,1478.7292251838148,1.551451587973208,9.15679236538187,0.8782887102903176,704,0.18699236683082626,0.2610291564908135,0.04241612922601256,0.09970233318078936,0.007845946312583884
170102285,477.01,1,train,KP,2.9444273,20291.3838652,2.4478494,11.7583,2.944424728190905,1470.661694852734,0.0833333333333333,18360.106654515497,147.4742679787585,7,2.944424728190905,17705.55490038675,142.32470406530442,hit,True,,2.944437987546025,9.01392109285095e-05,1479.494242949433,0.13361642082686181,9.537683574360669,0.4488254096360488,20307.385433290914,145.5641386184866,2.462709262108908,0.02316657766810063,0.9232598907289808,2519,3.6297537470419857e-06,0.0007885892947082666,0.0060705785694611025,-0.09517720543430608,-0.1829562717379594
234523599,127.01,1,train,CP,3.7955178,52278.9940979,2.0198135,14.1266,3.796072585102813,1325.6483097763846,0.0625,48809.52741822528,61.66364982261822,8,3.796072585102813,39944.61691567288,50.41872155553423,hit,True,,3.7955759135739813,0.00018772713714750654,1337.0370379950098,0.21448115868270298,16.196868539135483,0.3401690302899152,53168.337741022144,1100.4793666571827,2.0894371109659113,0.0529754520617578,0.8043823098592486,2638,1.5311105636612806e-05,0.01701149110590607,0.03447031667325284,-0.06636444980516723,-0.2573571767888471
363548415,5168.01,1,val,KP,6.7713411,2930.0,2.836,11.9186,13.217658251506272,2526.6071536429367,0.1666666666666666,6153.276344260619,20.219402585766957,2,13.217658251506272,2626.88680610639,8.644116390752824,miss,True,,13.200690622767683,0.012708564887860705,2539.7849282587395,0.09129253195466545,8.206252554710018,0.9062684610535909,6921.604281988291,583.4470971153448,7.523932967029845,0.5895443091849212,1.2697828080606532,977,0.9494942623356668,1.362322280542079,1.6530088036071384,1.1000943154473104,0.4104372355430178
286201103,6008.01,1,train,CP,0.8573727,2045.7091221,0.5478598,12.2936,12.69147012420202,1717.7862385754795,0.0208333333333333,5428.169788060458,5.958055787679668,2,12.69147012420202,5304.210800844848,5.825557936545279,miss,True,,12.693647723524585,0.0017942289661528582,1717.7839761609084,0.0771000610439098,160.89759508109216,0.637761392959537,6391.113957035288,1702.4210611000983,0.5231400985396625,15.025131468417811,0.9021903511188192,717,13.805285640100957,2.1241557697482234,-0.04512048786995784,1.6534416498510942,-0.08735775101586352
352682207,4010.01,1,train,CP,5.4146235,4983.0756289,2.9417261,11.5163,5.412634076009866,2720.202601536362,0.0833333333333333,4477.314004212203,24.440990278256177,4,5.412634076009866,3671.034887277119,19.88981001159803,hit,True,,5.415425218931599,0.0006267501609966921,2731.03166278834,0.06350404904992275,15.340657333162923,0.3755019107788251,4659.884588723573,1191.9373693713558,2.68603370106668,0.5471774229592822,0.9912486821606585,1383,0.00014806549921684293,-0.0648577433386799,-0.08691917270384893,-0.10149587571068883,-0.32012705057755064
169556484,7902.01,1,train,KP,5.3338848,4807.5367749,7.4448687,13.9271,9.47683379152877,2774.060153214909,0.0625,13327.02077528983,6.034014468192104,3,2.6949811108219106,7246.380362520354,5.277506236275773,miss,True,,9.47511873277147,0.0033823546117330663,2783.5367098008483,0.11296734041573066,43.682721100687964,0.08696710652460825,15124.820948855366,3867.5755904620364,1.8388081016352622,13.869578268822401,0.8731750460961324,843,0.7764010825227179,2.1460645351319174,-0.7530100024953748,1.7721100012941744,-0.7985189450016761
317060587,1052.01,1,train,CP,9.139804,358.4157801,3.0912936,9.0197,3.050088175188252,1326.830011941924,0.0833333333333333,244.402700115198,8.89191682391589,8,3.050088175188252,184.9472855994184,6.7321693940841145,harmonic,True,,3.050139935069844,0.0004962843662548617,1339.031160374759,0.01479133346177445,11.246788788794055,0.12778235893487147,259.18420442616605,78.72654938559383,2.088663501395036,1.7934327036691124,0.9457500966893858,2648,-0.6662795028132066,-0.2768616260314984,-0.3243399781259742,-0.31810284679148815,-0.3530216605760129
102713734,2580.01,1,val,CP,3.397862,9960.0,4.502,10.8064,3.398029304401092,2913.1392731641604,0.1666666666666666,8587.4311945624,147.6674264555429,7,3.398029304401092,2916.9053345410684,50.22591338733513,hit,True,,3.397841497571792,0.0001537435313486037,2923.3346268676437,0.08869182388958431,6.168918350593574,8.965463715094961e-06,9339.573899173281,3262.785448495851,4.60512039620696,1.330793001681441,1.090305431773868,4573,-6.033920214551951e-06,-0.0622917771914376,0.02290546339559312,-0.13780811299574303,-0.11150599733451834
420112589,1452.01,1,val,CP,11.0619937,3249.1164334,1.7587777,12.295,7.481195055167236,1687.6534709068771,0.0833333333333333,2681.8718885874546,7.539312751435478,4,7.473117128660255,2742.6890186632945,6.699745392617676,miss,True,,7.473113632080995,0.004480166897616853,1695.1484626476895,0.057226555090363715,9.993629935585698,0.8996814116391605,2796.064810103971,606.5272586893996,3.186544481495238,2.1747583424609775,0.9877555845809873,1328,-0.32443338563092883,-0.13943840812806405,0.8117949081883616,-0.17458424665285355,0.13715337646139084
159951311,265.01,1,val,KP,5.9242661,11796.3303624,2.8894449,11.7276,5.92500392360178,1387.565927672503,0.0833333333333333,11551.46384530938,69.96120847079202,4,5.928563294909465,4645.011773583997,34.491479904308896,hit,True,,5.924633513119156,0.00036885780464706507,1393.4955398640502,0.10358153172722741,15.614594998294981,0.4539414512686518,12203.576117131632,201.0163771935457,2.918975657222894,0.05877015559461209,0.9015451635167341,1425,6.201833492193162e-05,0.03452308830123135,0.010220218154322306,-0.02075785516071303,-0.3078255273184136
139375960,1601.01,1,val,CP,5.33155,4220.0,6.191,10.1035,5.333527588287898,3611.399924018559,0.25,3625.082419980166,73.10099067304331,3,5.333527588287898,2100.5120331476305,41.80157243479073,hit,True,,5.333057132586044,0.0006030592041114548,3622.0647781977455,0.05870215439179596,6.849819475484121,0.10482553424268497,4084.991181341091,1144.8353523304754,6.291749390879619,1.4154041335954946,1.0722729034852596,3189,0.0002826818816373521,-0.031992611056613544,0.016273524613086558,-0.1409757298625199,-0.0308512356646745
188589164,2013.01,1,train,CP,2.6162769,1120.6014184,1.134893,10.2705,2.6167116465783646,1956.3944914487497,0.0416666666666666,1098.339702473914,13.214917419253284,8,2.6158984430682013,1003.774304985516,12.039589265825184,hit,True,,2.616240120943828,0.00024867348554982277,1969.4773354160657,0.03189714339833882,15.944874463744183,0.4811637529217834,1151.8372640826335,288.0981384684079,1.1453872604349153,1.8224535069358123,0.9258690372866126,2909,-1.4057784239780097e-05,0.027874180033818037,0.009246916171758409,-0.019865864490758372,-0.11885966342201555
57984377,6014.01,1,val,KP,2.5199146,12429.3724559,3.7121363,11.1355,2.5196621928703538,2854.5493627560545,0.125,11706.787582810688,178.03964223006622,9,2.5203020016460616,3909.963683668206,69.33265187999123,hit,True,,2.519945369671579,6.238562143138996e-05,2867.148755084751,0.10300954594250245,5.707252513263736,8.024933630475153e-07,12595.333328444869,73.19416827843916,3.7440880592313643,0.011166204460231435,0.965577629215872,5258,1.22106009382666e-05,0.013352313090118252,0.008607377706299277,-0.058135265931814124,-0.19184001945187196
418761354,4533.01,1,train,KP,2.1747824,560.0,1.654,11.375,7.126306360663442,2448.816011601172,0.0625,1148.4878816961143,5.671247101096556,3,0.8357694193057695,422.4983132271512,5.109481781167118,miss,True,,7.125919407352723,0.001801629462649735,2463.0680253031232,0.03118443419823661,35.851864033108626,0.056458789395550636,1154.6625755854966,366.93908908541715,1.5636344032184795,6.861038731355833,0.8764352739109438,1035,2.276612596898303,1.0618974564026724,-0.05463458088362785,1.0508712173144898,-0.09310761789600963
398895470,5793.01,1,val,KP,2.6940348,11715.9037129,4.1073512,10.5523,2.6943725360865263,2771.187720796197,0.1666666666666666,10428.519531946136,181.29696281493185,6,2.6943725360865263,3577.325292964785,62.93184434647695,hit,True,,2.6940560383621843,7.088969484030723e-05,2781.965247009356,0.1015594316819388,5.477067113471049,2.0142031458524904e-08,12243.52924416261,67.44840884064831,4.167735619978457,0.012418030977560418,1.003551851606538,3963,7.883477297503213e-06,0.04503498357379446,0.014701547795196411,-0.10988347228702192,-0.02613635766038265
92226327,256.02,1,train,KP,3.7779418,3469.450739,1.4759325,11.2991,14.138003609281151,1399.928965292972,0.0833333333333333,5304.561132322655,19.77349126795321,1,14.037448015771067,4838.848882550731,18.05461652019485,miss,True,,14.143702444788083,4.1487267414241105,1399.9296159963687,0.0753266473014239,47.73737160813459,0.5539493618592229,6291.974981315951,1351.107564351429,2.0863904778705282,0.4648868075142781,0.9189231687272529,431,2.7437586901915965,0.8135363360511316,0.4136083309165752,0.5289339815937519,0.35507552005257625
437011608,5082.01,1,val,CP,4.2403543,842.0,2.353,7.6253,13.357671630871485,2508.1081542770853,0.25,729.915546597505,27.23540461666552,2,4.242406195819879,619.3202306243471,22.04766780478913,miss,True,,13.36391692357274,0.0041915346074220105,2508.15738954207,0.02138004043562839,23.40892883945375,0.6006801368126469,499.4675026819273,126.41161145382482,3.6046786059467704,7.832764966773059,3.1580191938028896,2141,2.151603846775903,-0.40680819158916,0.5319501087746579,-0.13311692803146674,1.5499362515937098
120317234,5999.01,1,train,KP,6.8834027,771.0,1.92,10.4081,6.887890018616696,2397.268581962904,0.0833333333333333,592.0006919994669,7.302042797605496,4,6.887890018616696,480.29149144057743,5.923998955505597,hit,True,,6.887898228405869,0.0017960124464990153,2404.156096356284,0.023046785935932863,26.002676542903,0.09849691176522327,629.9651862515798,176.44907233101827,2.061187469493554,5.467781399439242,0.972188003447857,1431,0.0006530968187970106,-0.18292453145060988,0.07353514036122616,-0.23216512062325956,0.04166666666666624
391880567,7908.01,1,train,KP,6.2123114,8220.6122538,2.5257039,13.4202,6.205102226330113,2774.3275093609427,0.0833333333333333,9902.433849428911,8.483270557018502,2,6.205102226330113,8183.099540447845,6.994891947506519,hit,True,,6.203491605013717,0.0028162396365780796,2780.5319280696235,0.09300746074491437,21.827153415135662,0.06645659586565335,10261.829681347146,2492.087845380126,2.3697490707563804,6.981079145073339,0.8512118613827968,720,-0.0014197284099897079,0.24830479342990394,-0.06174707543652266,0.20458592908958634,-0.2081415402652705
120960812,1237.01,1,val,KP,12.72038,1070.0,2.401,10.2768,12.74903554108688,1687.700462538452,0.0833333333333333,1217.6095968442355,10.467686048420406,2,12.74903554108688,971.7500143361058,8.3312037078484,hit,True,,12.753083998790526,0.0029921167791875395,1700.4512298507636,0.03414499184343184,49.650111074892706,0.17431601928324308,1377.5454335145375,323.0338930766939,2.0003772892361273,11.180979566367254,1.0589495713689943,704,0.002570992280932295,0.2874256387986332,-0.16685660589915555,0.13795289424694906,-0.1670137442732198
347329162,1809.01,1,train,KP,4.6170519,12210.0,3.555,11.5384,4.616843754225633,1902.720520320256,0.125,10502.544706359764,105.91231065024328,6,4.616843754225633,4727.912069557759,47.5810239682632,hit,True,,4.6173874955285,0.00020677177312076819,1911.9532424789315,0.09916517477732086,10.148623938513907,0.3623598370521664,11378.35155025968,149.61009157022593,3.6154947583559927,0.06057862272047428,0.968546662603064,2973,7.268610701561387e-05,-0.06811207614580835,0.01701680966413291,-0.13984072838986372,-0.15611814345991565
428679607,1669.01,1,val,CP,2.6800536,456.0,1.758,9.52906,2.678791251346378,1816.953710936364,0.0625,425.3683070153376,10.046085192873814,10,2.678791251346378,377.6132918952068,8.881540197866855,hit,True,,2.6781924040463068,0.00038797363483673234,1827.668581512822,0.019633003621431066,11.342106337143894,0.41335618577281996,442.688687752324,112.59627919447009,1.684401704121732,1.5380404643064458,1.1456337543744586,3152,-0.0006944622128800566,-0.02919147422735971,-0.041864787189003376,-0.06717476531724206,-0.14675767918088736
261867566,905.01,1,train,CP,3.7395716,15256.9023477,2.0436597,10.5721,3.73987063393364,1628.350608438985,0.0625,12978.41411020624,107.22664419415229,4,3.740244044103806,12847.254763894964,105.90072403559913,hit,True,,3.7394837654284054,0.00010923120867410173,1639.5696625332785,0.1281086038987534,11.04704579025639,0.8178065289581091,15508.835090655926,169.92121017264458,2.0166718731705666,0.02446920090051868,0.9748667677332559,1411,-2.34878699995126e-05,0.01651270600115667,-0.013205636353955337,-0.14934147086792124,-0.2660226161919228
118956453,1925.01,1,val,KP,2.3447752,15340.0,1.814,11.9397,2.3444809421000565,2256.1569293741777,0.0625,14430.54351186234,101.21837802217168,9,2.344284361456868,6421.450489524714,52.25579256645084,hit,True,,2.3446360361416043,6.712151404393591e-05,2267.8785732928623,0.1215942790088271,7.749289084708762,0.6715660189289222,15604.796172671187,159.8455149376472,2.0889416719269858,0.02861556990812707,0.932467367601798,3231,-5.935061851371938e-05,0.017261810474001785,0.1515665225617341,-0.05928660287729199,-0.17309812568908492
306362738,479.01,1,val,KP,2.7817379,12808.3940801,2.1508237,10.8164,2.781779224258127,1470.820147965497,0.0625,11841.245030093029,132.92360257334386,7,2.781779224258127,11747.115384505714,131.63069457722514,hit,True,,2.7817063443637067,9.559034431586564e-05,1479.164903526672,0.1132411096793966,8.206174608335425,0.7511163253016512,12902.03480684471,101.27465595716762,2.1403610113935017,0.02297999003437793,1.0650262556786934,2522,-1.1343856764259588e-05,0.007310887388310069,-0.00486450312338406,-0.07550900167177095,-0.30259276945851027
63211674,4472.01,1,train,KP,8.6004516,3575.6614227,8.950521,13.1981,5.881427014655121,2394.9411366617387,0.0416666666666666,4264.313638430519,6.357466223865733,5,5.881427014655121,3676.549799349352,5.471201849219007,miss,True,,5.881439009338768,0.0011984987620634855,2406.7031757528152,0.06356786808724237,40.65532736244973,0.42596850753891047,4627.428897588826,1171.639910894284,1.0771903178574087,7.050616094887899,0.9096560167076555,1800,-0.3161476533001164,0.2941462712917127,-0.8796505457215944,0.19259435788820134,-0.8882746602125174
392476080,2109.01,1,train,CP,0.6724742,6741.9848293,1.9474931,9.78569,0.6725174179936572,2718.729443610024,0.0625,5538.575759507749,172.07025443458338,25,1.3449283259052869,3024.2293011330557,71.97038576598767,hit,True,,0.6724832603846866,9.430867655947623e-06,2732.1805232616466,0.08414609119482432,2.216417434064133,0.7457880478408805,7171.435820229944,34.474900570306446,1.9859121297781748,0.012921640457936888,1.0846228682929302,8109,1.3473207874177284e-05,0.06369800612181631,0.019727427931926843,-0.17849477568717648,-0.2297790426061073
258510872,1885.01,1,train,CP,6.5440665,6060.0,3.777,11.9742,6.546084199165266,1958.2524437725729,0.1666666666666666,5821.372387588571,38.32939015017825,4,6.5422683487610405,4909.602415807073,27.74633762279404,hit,True,,6.544455148276288,0.00106332899879848,1971.3430076653297,0.0784880359137207,10.482837216317138,0.609002142533139,6701.056938585248,442.11555316955037,4.257425423187359,0.17114749270155297,0.6348893475550407,2858,5.9389414256212954e-05,0.10578497336390226,0.12719762329556772,-0.03937749379726555,0.059041567381519215
124573851,669.01,1,train,CP,3.9451359,841.0,2.424,10.1755,3.946397465930351,1546.1387194568238,0.125,630.2358377436016,12.102561467655647,5,3.9481196990405496,639.0699651805418,10.015084045137025,hit,True,,3.950241361648812,0.0010350869928838105,1557.985117258514,0.028291562774110022,7.7872897116630595,0.7696429864194753,799.2414662936209,190.1436114838025,2.659097837236364,1.7055292203908357,1.0171815153113553,2857,0.0012941155332093837,-0.04965342890175877,0.09698755661566168,-0.250611370102733,0.23762376237623767
366576758,514.01,1,train,KP,11.3909685,16337.7657792,3.8062467,13.6674,11.399408980543685,1495.839181760348,0.125,16149.947718432712,19.7604520113374,2,11.399408980543685,11826.261030404274,14.48403876202222,hit,True,,11.38698439728374,0.003972281181894668,1507.2334215174772,0.12006940162624759,25.189824366667626,0.0013004793185819857,17106.96719922644,5028.787116317399,3.8693036297062924,0.7317561163495079,0.8808608657538253,1080,-0.00034975978699787344,0.04708118786999192,0.016566695402663312,-0.011495945241570608,-0.21182197675205866
258920431,2567.01,1,train,CP,5.9839451,3826.4375501,5.3886513,11.7489,5.986104255201497,2390.73896600681,0.1666666666666666,4306.49752919832,38.119376451368375,5,5.9832894013158855,2317.681832486065,20.475285955473076,hit,True,,5.983504143348883,0.0009776179500674137,2402.7194868546867,0.06124832513942387,8.969555514721717,0.2040199646250713,4422.129625307525,1190.7955050468331,5.3208275915900645,0.9416865423769181,0.9838105549991734,3299,-7.36899559985542e-05,0.1556779817801959,-0.012586397715126934,0.12545872572408096,-0.25769923171684944
