tic_id,toi,label,split,disposition,period_d,depth_ppm,duration_h,tmag,error,bls_period_d,bls_t0,bls_duration_d,bls_depth_ppm,bls_snr,bls_n_transits,p1_period_d,p1_depth_ppm,p1_snr,category
133505138,4359.01,0,train,FP,2.4360845,350.0,2.495,9.5115,,4.853708416740441,1548.4080528014022,0.25,349.52560639735293,11.909723238465563,5,2.4370265429694973,239.21935353128575,7.753096332996041,harmonic
444977814,6999.01,0,train,FP,11.3689753,5979.0,5.492,12.4889,,12.122866200984816,3315.304280914585,0.0625,6110.544555258645,10.325880879936053,2,12.122866200984816,4185.031813084099,7.074799750533017,miss
395773226,4005.01,0,train,FP,3.8471662,1770.0,2.214,11.7899,,1.9244831375047535,2720.013517717659,0.0833333333333333,1013.7494449496368,9.39284871696085,13,1.924224824316863,957.785248336286,7.711556305259918,harmonic
175180796,816.01,0,train,FP,1.55747,3127.94,2.714,11.143,,4.666912802554886,1493.4471485747688,0.0625,805.8505301720261,6.201345063377979,5,4.664637634688253,681.5218190485413,5.254126746650276,harmonic
285233023,6298.01,0,train,FP,2.8577028,2695.0,2.264,12.4487,,5.7230991177751545,3439.2578918207114,0.125,3417.3253660603764,9.293252679729942,3,2.852974197609948,2511.5348894515246,7.920786959476048,harmonic
9033144,367.01,0,train,FP,4.7150255,4566.0,3.302,9.74346,,14.144818518169116,1358.9970641630914,0.0833333333333333,5076.847068291973,61.67169552295849,2,14.144818518169116,4946.5920808835,60.0691245546729,harmonic
132534906,4849.01,0,train,FP,3.0617364,6620.0,1.947,12.5874,,1.530857558004696,2965.3299486413234,0.0625,3898.012518064982,17.97524738958716,14,1.530857558004696,3390.554582114262,15.545450505784874,harmonic
419419534,3389.01,0,train,FP,1.680148,1420.0,1.217,10.9144,,0.8403505593241247,2964.2948505650866,0.0416666666666666,1169.722856879253,16.429803757863017,27,0.8403505593241247,1146.48478216613,16.373817645103674,harmonic
412257781,2863.01,0,train,FP,1.1894812,4130.0,3.047,12.7797,,2.379588766797598,3667.657561189942,0.125,3984.402258738552,16.475358482854393,9,2.3805751438667797,2951.927852841428,12.204978577652602,harmonic
242536549,1953.01,0,train,FP,0.6923563,810.0,0.803,9.5187,,2.80157969389427,2336.870586788028,0.25,629.5634558968934,29.44603707428214,9,0.6927225372857575,732.091611385904,31.16807024969689,miss
138017750,1608.01,0,train,FP,2.4727494,2960.9440076,2.4130698,7.42812,,12.367243389022107,1799.8744863087936,0.0833333333333333,2979.458321352365,61.89984431130977,2,12.373044006269268,2729.9702914341588,56.78905885513617,miss
233503636,1871.01,0,train,FP,3.4058493,752.3935149,1.8796913,11.5906,,13.496213813052291,1956.5244886730245,0.25,1354.4183309578789,9.239097228127942,2,0.8576777246170147,758.5979566073237,5.785510287608254,miss
387079085,1092.01,0,train,FP,1.1923,3730.0,3.119,9.0039,,2.385301538648818,2335.877495093377,0.125,3038.4637271242773,122.022102054156,11,2.385301538648818,1825.8696501432728,71.78792118347367,harmonic
371711170,4143.01,0,train,FP,9.8482192,1670.0,4.24,12.1158,,1.735706916907929,2745.132982452748,0.0208333333333333,1310.5163501160712,5.076392670905969,12,2.04257860500066,1434.7438361404998,5.071498225793784,miss
302659412,1957.01,0,val,FP,14.5187891,429.0,2.897,9.4845,,2.724949284241457,2283.6154011706503,0.0208333333333333,371.0613438436114,5.537346758899468,8,2.724949284241457,354.6669575984995,5.294616361284257,miss
326919774,1552.01,0,train,FP,7.57193,420.0,2.656,8.19,,13.045562397282854,1773.0366871387512,0.25,406.5670561056945,16.065353143168135,2,13.025600248046482,280.0784979307925,10.971805015777752,miss
1950736,4610.01,0,train,FP,3.1129681,585.0,2.308,10.0745,,4.321654777554481,3236.3216072398945,0.0625,503.519987333728,6.985418065215931,5,0.6977687050404217,273.1899487220037,5.60541970260538,miss
253030300,3795.01,0,train,FP,2.8300213,3790.0,1.646,12.2361,,13.051471817649064,2949.6625930509936,0.25,6482.692743483521,21.915422901984872,1,2.828285917442533,3863.7554449332897,13.57522789062441,miss
9032368,373.01,0,val,FP,1.632,5500.0,1.466,13.2889,,11.145788679529668,2089.980702639415,0.125,4108.124640514669,7.179349807447175,2,13.08027796165092,5949.650699182681,5.995400860719236,miss
278726770,6654.01,0,train,FP,9.5160032,527.949401,2.274422,10.1032,,3.151820185667247,3667.8798432773046,0.0833333333333333,625.3094785314823,10.250988221998904,6,3.151820185667247,659.2975396149095,9.315704662258955,harmonic
179155220,964.01,0,train,FP,0.60274,16763.6,1.834,10.6659,,1.2054319467768375,2201.781074166866,0.0833333333333333,5119.008732652457,96.5259113346592,21,1.2054319467768375,3988.1904178361024,78.19000046154396,harmonic
289988797,4178.01,0,train,FP,2.2042212,4250.0,1.011,10.0415,,11.482819937578862,1573.503333164807,0.1666666666666666,13414.618587956204,129.6378612826151,1,11.520230427902176,12096.664532685458,100.98512406282272,miss
31268146,1948.01,0,train,FP,3.6473383,162.7642577,4.4572847,10.1302,,6.290472310216801,1412.0712504590551,0.0208333333333333,854.4686523388201,6.020128835372422,4,6.290472310216801,803.3091112032507,5.658006666759143,miss
373424049,742.01,0,train,FP,0.961917,363.5801833,2.378514,8.6333,,1.9214598407190444,1544.4648481003887,0.125,245.14543783958945,13.69259831775544,12,0.9607730419783154,226.6096383900461,14.68518089462533,harmonic
26584326,7904.01,1,val,KP,4.959174,16934.66655,1.7965588,14.7897,,7.496065798108517,3315.5875415115,0.0208333333333333,30315.620431995558,5.676234017742786,4,7.496065798108517,28887.33954581357,5.407933047370356,miss
79748331,1064.01,1,train,CP,6.4438657,1121.9512275,1.9309449,10.0059,,12.223818431900304,1664.4936177810737,0.0833333333333333,1125.7524022403124,11.190991614347594,2,12.213346374756371,984.4616292409844,9.632720130855253,miss
349986198,5165.01,1,train,CP,3.577501,1300.0,1.662,12.5389,,3.434338638434181,2528.037253095911,0.0625,1724.6574517544475,6.108746598221181,6,3.434338638434181,1506.8060599539187,5.325918335781472,miss
98796344,455.01,1,val,CP,5.358776,2708.4393715,1.3697764,8.84294,,8.646448901915853,1412.753265584793,0.1666666666666666,1798.060220637353,29.52584463450932,3,12.93430552972658,2873.937436197109,45.49032459508079,miss
4610830,6833.01,1,train,KP,8.2616616,1343.0,2.862,11.5018,,3.9343396872830008,2450.7778120717144,0.0833333333333333,1293.8263261935615,7.348433429624245,3,3.9285360144749295,1346.3290211491408,6.636589601039286,miss
271424111,6073.01,1,val,KP,3.2687063,9692.5415934,3.6398573,14.3999,,8.785779063726862,2395.8178164141177,0.25,74175.65171783385,48.08519364865988,2,8.785779063726862,41161.817753093565,26.580814658119856,miss
388811663,5155.01,1,train,KP,9.7956535,1633.7953711,2.7073092,11.7603,,13.9785739599064,2461.384356577536,0.125,2847.2954125848632,9.38788977928575,1,9.311570117079244,1787.5961070684702,7.217694751780032,miss
237920046,873.01,1,train,CP,5.9312003,1021.9253753,2.0314487,12.1249,,9.117304948223728,1328.938225842151,0.0208333333333333,3040.7924943340367,6.119977144374033,3,9.117304948223728,2746.9223262061278,5.522834929551935,miss
94986319,421.02,1,train,CP,5.1976858,437.4376044,1.8810737,9.2711,,8.037594238857354,1440.130308963341,0.0833333333333333,1814.4579179324892,33.98620188337165,3,5.350569147175119,596.9695576380158,15.866925165546402,miss
150151262,712.01,1,train,CP,9.5313801,910.0370283,1.6426425,9.9059,,10.491812401460557,1394.1150317840747,0.0833333333333333,1293.1718270149331,14.598355213853347,2,10.469550855305943,1052.3285171992932,9.962359431513738,miss
258776466,7391.01,1,val,CP,7.4108495,1257.5647375,1.9719278,12.7294,,1.6773202230670805,1684.0245427130535,0.125,796.9573907218702,5.677914956820518,16,1.6260891173810317,1890.1452793485669,5.49686653910735,miss
404421005,4628.01,1,val,KP,6.32668,520.8002154,2.0310601,9.66562,,13.877847580410204,1571.4169966203272,0.25,1612.7543273811148,33.565620020730776,2,13.817437682541025,569.4831409964985,11.898164087658891,miss
17409453,5080.01,1,train,KP,9.72665,2287.0,4.584,12.9285,,8.158216277995356,2476.308647244528,0.0208333333333333,4021.728023989546,5.91187260849318,3,8.158216277995356,3932.603733160171,5.765402904240053,miss
299161524,7860.01,1,train,KP,12.611812,5274.0385549,4.7520365,14.6048,,6.555286584047242,3287.1856018305198,0.0416666666666666,20837.40070650573,5.6919595916091605,2,6.555286584047242,18382.24107657556,5.016574637963927,miss
142748283,2096.01,1,train,CP,3.1190716,2964.5828911,1.1585974,13.4764,,8.833947980623964,1687.51946983109,0.0625,8366.751831134605,8.938939186993032,3,8.829440049049865,8368.085836886014,7.20796510839314,miss
150428135,700.03,1,val,CP,9.977273,459.8525479,2.2583631,10.9102,,14.81300017137604,1340.0871616816696,0.0416666666666666,2970.559531953589,9.812865452229769,1,14.818883414492944,2623.843297056663,8.649660112003453,miss
441739020,1670.02,1,train,CP,10.9836724,315.0,2.636,9.4682,,4.431230528921338,1715.2365990457708,0.0416666666666666,393.3131670520637,6.021837155443385,5,0.8855403003964774,156.29418165229646,5.724176023096605,miss
122785299,4592.01,1,val,KP,8.8849511,16966.9658671,1.9958507,14.575,,2.2198361082674007,2392.1333936795786,0.0416666666666666,10936.33791280361,6.989554013427376,13,2.2198361082674007,9846.532517746424,6.285666351018519,miss
384984325,6109.01,1,train,CP,8.5386633,1730.0,2.337,10.3622,,10.80086893739754,1791.65122217205,0.25,2478.85197036891,31.239873430755942,2,11.035250308481306,2543.4661024059787,26.14529968917068,miss
399954349,4593.01,1,val,KP,7.8344688,2017.3628771,3.1260803,11.6052,,10.558717555391942,1687.4308090896636,0.1666666666666666,1336.5840129106966,9.770254054727822,3,10.513804677275775,1167.6742229996912,7.384214150194855,miss
287139872,1752.01,1,train,CP,0.9351891,1150.2871156,0.7694649,12.7463,,12.549456018998818,1685.066493717599,0.0833333333333333,2776.0815181743114,6.731159740360078,3,12.549456018998818,2385.462415955073,5.785828587850751,miss
175236511,5136.01,1,train,KP,7.8092052,480.0,3.393,12.0789,,8.887825895463424,2505.75194554486,0.0625,2405.2888720132523,8.021883892148484,3,8.887825895463424,1864.6750576269328,6.214663499728968,miss
166648874,1806.02,1,train,CP,8.1960758,4699.5344472,1.4883227,12.6196,,9.72482329413054,1905.2361949574615,0.0625,5168.088996449331,9.71140910192601,2,9.72482329413054,4435.021431719757,8.324449608063977,miss
363548415,5168.01,1,val,KP,6.7713411,2930.0,2.836,11.9186,,13.217658251506272,2526.6071536429367,0.1666666666666666,6153.276344260619,20.219402585766957,2,13.217658251506272,2626.88680610639,8.644116390752824,miss
286201103,6008.01,1,train,CP,0.8573727,2045.7091221,0.5478598,12.2936,,12.69147012420202,1717.7862385754795,0.0208333333333333,5428.169788060458,5.958055787679668,2,12.69147012420202,5304.210800844848,5.825557936545279,miss
169556484,7902.01,1,train,KP,5.3338848,4807.5367749,7.4448687,13.9271,,9.47683379152877,2774.060153214909,0.0625,13327.02077528983,6.034014468192104,3,2.6949811108219106,7246.380362520354,5.277506236275773,miss
317060587,1052.01,1,train,CP,9.139804,358.4157801,3.0912936,9.0197,,3.050088175188252,1326.830011941924,0.0833333333333333,244.402700115198,8.89191682391589,8,3.050088175188252,184.9472855994184,6.7321693940841145,harmonic
420112589,1452.01,1,val,CP,11.0619937,3249.1164334,1.7587777,12.295,,7.481195055167236,1687.6534709068771,0.0833333333333333,2681.8718885874546,7.539312751435478,4,7.473117128660255,2742.6890186632945,6.699745392617676,miss
418761354,4533.01,1,train,KP,2.1747824,560.0,1.654,11.375,,7.126306360663442,2448.816011601172,0.0625,1148.4878816961143,5.671247101096556,3,0.8357694193057695,422.4983132271512,5.109481781167118,miss
92226327,256.02,1,train,KP,3.7779418,3469.450739,1.4759325,11.2991,,14.138003609281151,1399.928965292972,0.0833333333333333,5304.561132322655,19.77349126795321,1,14.037448015771067,4838.848882550731,18.05461652019485,miss
437011608,5082.01,1,val,CP,4.2403543,842.0,2.353,7.6253,,13.357671630871485,2508.1081542770853,0.25,729.915546597505,27.23540461666552,2,4.242406195819879,619.3202306243471,22.04766780478913,miss
63211674,4472.01,1,train,KP,8.6004516,3575.6614227,8.950521,13.1981,,5.881427014655121,2394.9411366617387,0.0416666666666666,4264.313638430519,6.357466223865733,5,5.881427014655121,3676.549799349352,5.471201849219007,miss
