tic_id,toi,label,split,disposition,period_d,depth_ppm,duration_h,tmag
359496368,1178.01,0,train,FP,2.6652007,819.0,3.49,10.1358
362709886,4420.01,0,val,FP,4.7259317,6309.6615331,2.7740362,9.550201
117068362,6152.01,0,val,FP,4.2005957,4448.0,2.587,12.1566
398733009,464.01,0,train,FP,0.8185672,44712.1811611,0.9809687,15.61
358072664,4902.01,0,train,FP,4.1934945,2710.0,1.873,12.8989
318746829,1540.01,0,train,FP,5.2273176,2856.0,3.572,10.4234
436099179,5424.01,0,val,FP,0.8999342,1720.0,1.606,12.5284
133505138,4359.01,0,train,FP,2.4360845,350.0,2.495,9.5115
289539327,1186.01,0,train,FP,11.2464616,7576.0,7.391,9.92402
357457104,1330.01,0,train,FP,1.748054,670.0,2.122,9.521
5772442,979.01,0,train,FP,1.10578,672.523,1.87,10.351
103865797,5695.01,0,train,FP,2.2232698,31700.0,0.648,14.2399
444977814,6999.01,0,train,FP,11.3689753,5979.0,5.492,12.4889
66151343,2846.01,0,train,FP,2.6792695,10530.0,2.56,13.3693
440801822,1008.01,0,val,FP,2.0483755,483.0,2.767,8.9362
350332997,832.01,0,train,FP,1.9160221,2430.0,1.405,11.7611
426077080,1087.01,0,train,FP,9.30992,2220.0,3.464,9.4142
35883621,6094.01,0,train,FP,3.0519843,892.0,2.868,9.65609
156816238,3845.01,0,train,FP,2.1461672,14110.0,1.942,12.7553
282498590,2492.01,0,train,FP,10.1004307,13680.0,4.977,11.6749
324609476,5041.01,0,val,FP,0.733892,41803.8414084,0.9663799,14.9276
90448944,1043.01,0,val,FP,1.4415577,507.0,2.349,9.5719
141631253,2987.01,0,train,FP,1.6709011,1210.5574745,2.2820392,10.8521
219205407,946.01,0,train,FP,6.1253092,39400.0,1.992,10.8732
78775584,2811.01,0,train,FP,5.5553784,1050.0,2.256,10.7217
267489265,1132.01,0,train,FP,1.5502952,411.0,2.938,9.2293
233681149,1340.01,0,train,FP,8.5865509,1754.7731836,4.6739293,10.8037
395773226,4005.01,0,train,FP,3.8471662,1770.0,2.214,11.7899
175180796,816.01,0,train,FP,1.55747,3127.94,2.714,11.143
277014266,1308.01,0,train,FP,1.3797091,1320.0,2.352,10.6168
367102581,1522.01,0,train,FP,2.9798592,580.0,2.737,9.39575
300810086,385.01,0,train,FP,0.6680063,569.3164896,0.9885108,9.0567
48178229,2517.01,0,train,FP,2.6788253,350.0,2.49,10.0386
233684822,1253.01,0,train,FP,4.6756655,738.0,1.914,9.89947
313675203,4367.01,0,train,FP,2.5025812,807.0,2.771,9.462
350445771,258.01,0,train,FP,3.1901569,3648.2442456,1.8262867,11.0932
71854732,3658.01,0,train,FP,3.1004285,12784.0,3.513,12.6532
292321872,1572.01,0,val,FP,8.66698,9854.3,6.104,10.4562
24094603,1121.01,0,train,FP,4.07611,1454.18,2.062,11.0605
371673488,1497.01,0,train,FP,0.8165295,468.0,2.294,9.95717
399642071,4337.01,0,train,FP,2.2887763,1890.6463423,4.8634851,11.1567
284747017,3746.01,0,val,FP,1.8012697,1800.0,3.182,11.7603
280307604,4800.01,0,train,FP,4.3229915,1980.0,0.875,10.9833
296898634,5940.01,0,train,FP,2.8535379,16171.6129166,6.8566318,14.1736
285233023,6298.01,0,train,FP,2.8577028,2695.0,2.264,12.4487
9033144,367.01,0,train,FP,4.7150255,4566.0,3.302,9.74346
307734817,1808.01,0,val,FP,2.1075001,4256.1743008,1.9093483,11.6735
132534906,4849.01,0,train,FP,3.0617364,6620.0,1.947,12.5874
7624182,412.01,0,val,FP,1.1096992,620.0,2.097,8.7929
162246865,1984.01,0,train,FP,0.5646193,510.0,1.295,10.361
118021229,614.01,0,val,FP,0.88501,820.279,1.622,9.947331
444413256,3989.01,0,train,FP,4.0104917,6051.0,2.293,11.9551
363260203,1037.01,0,val,FP,1.2025238,390.0,1.991,9.0211
184952758,719.01,0,train,FP,4.109953,434.0,4.641,9.0349
141776043,962.01,0,val,FP,4.06269,4210.0,4.299,11.2295
412961700,589.01,0,train,FP,2.5183846,616.0227482,2.1596206,6.725
355732304,5839.01,0,train,FP,2.5411063,8720.0,3.491,12.3367
192372961,1593.01,0,val,FP,2.06313,600.0,2.157,9.1222
220396259,379.01,0,val,FP,0.91677,276.272,1.337,9.9124
89876424,3526.01,0,val,FP,1.5378739,8588.6814116,3.449989,13.3403
419858461,3165.01,0,train,FP,2.5433707,55256.7333661,3.2214112,13.6313
167418898,383.01,0,val,FP,10.9803025,2390.0,1.659,10.2401
419419534,3389.01,0,train,FP,1.680148,1420.0,1.217,10.9144
339538183,1662.01,0,val,FP,2.6093167,1984.0,1.175,9.7053
416987878,1392.01,0,train,FP,2.86876,1030.0,2.422,10.399
343774169,7163.01,0,train,FP,5.3913891,4086.0,1.995,11.2584
361998994,3189.01,0,train,FP,1.84996,9350.0,2.954,13.6447
172110606,5135.01,0,train,FP,2.0197299,426.0,2.563,8.96147
412257781,2863.01,0,train,FP,1.1894812,4130.0,3.047,12.7797
326114850,1504.01,0,train,FP,1.2456423,691.0,1.354,9.98645
458856474,1978.01,0,train,FP,6.081043,15384.1717123,4.818249,5.666
119081096,716.01,0,val,FP,0.83707,2745.5,2.497,12.4268
180987952,581.01,0,train,FP,1.38917,787.5039579,1.5031546,9.5287
242536549,1953.01,0,train,FP,0.6923563,810.0,0.803,9.5187
68152139,1597.01,0,val,FP,0.73772,980.0,1.057,10.1342
120602501,1366.01,0,train,FP,14.8626982,8264.2193919,3.3250502,8.48216
458857720,1979.01,0,train,FP,1.30924,3370.0,2.535,9.8678
136971594,1368.01,0,train,FP,1.25562,290.0,2.304,9.1384
353367071,1663.01,0,train,FP,2.37532,1940.0,2.957,9.84095
37575651,568.01,0,val,FP,9.5971977,600.5813487,2.9439152,8.2866
408549705,5189.01,0,train,FP,9.5064017,8710.0,3.258,12.9177
138017750,1608.01,0,train,FP,2.4727494,2960.9440076,2.4130698,7.42812
233503636,1871.01,0,train,FP,3.4058493,752.3935149,1.8796913,11.5906
143350972,440.01,0,train,FP,1.0817,341.533,1.588,7.6818
387079085,1092.01,0,train,FP,1.1923,3730.0,3.119,9.0039
371711170,4143.01,0,train,FP,9.8482192,1670.0,4.24,12.1158
387664866,1331.01,0,train,FP,2.6551878,1086.3110363,4.0370055,9.08409
302659412,1957.01,0,val,FP,14.5187891,429.0,2.897,9.4845
424699834,5212.01,0,val,FP,2.4011407,3193.9893038,3.6926411,12.8257
59859387,1881.01,0,train,FP,1.1203828,1901.0,1.665,10.2761
391821647,708.01,0,val,FP,1.995837,442.0829981,6.5277544,10.8623
49705089,4759.01,0,val,FP,9.6578504,2300.0,5.943,12.2627
237200747,1270.01,0,val,FP,14.3034613,48840.0,3.135,11.463
326919774,1552.01,0,train,FP,7.57193,420.0,2.656,8.19
229141709,846.01,0,train,FP,14.20489,8761.57,4.924,11.766
344085117,2365.01,0,train,FP,0.659752,1138.1047916,0.6731474,11.9732
306547699,3216.01,0,train,FP,2.6985136,13510.0,4.856,13.1235
407146538,5055.01,0,train,FP,2.0915616,2560.0,3.634,11.9139
412259468,3357.01,0,train,FP,2.6535777,1446.2753601,2.1014914,11.0285
347018922,7431.01,0,val,FP,1.1919382,2692.0,1.404,13.0852
237751146,538.01,0,val,FP,1.669769,10665.55057,2.0105348,14.1477
197959526,2303.01,0,train,FP,0.7196291,4971.1456595,1.474746,11.8199
231076038,2618.01,0,val,FP,8.2500143,2250.0,3.317,12.0635
399444057,4083.01,0,val,FP,2.0714803,1660.0,3.108,11.6433
1950736,4610.01,0,train,FP,3.1129681,585.0,2.308,10.0745
382474101,349.01,0,train,FP,2.6520851,10671.4743296,3.8534062,10.179
329145325,1501.01,0,val,FP,1.077774,2680.0,2.682,10.4089
462162963,2959.01,0,val,FP,1.3550447,3710.0,1.945,12.3935
113295476,4233.01,0,train,FP,1.820443,7330.0,2.643,13.5689
142918609,996.01,0,train,FP,14.5378,4040.0,6.826,9.7925
253030300,3795.01,0,train,FP,2.8300213,3790.0,1.646,12.2361
306902029,5124.01,0,train,FP,1.0754572,690.0,1.832,10.4406
1976308113,3572.01,0,val,FP,2.7568649,18380.0,2.312,13.0852
437156845,2855.01,0,train,FP,3.4906402,4580.0,1.586,12.7325
274762761,1256.01,0,train,FP,1.0332441,26111.5081972,3.8017836,13.5608
9032368,373.01,0,val,FP,1.632,5500.0,1.466,13.2889
55871761,7505.01,0,val,FP,3.8618241,823.5651883,3.1764029,10.4653
278726770,6654.01,0,train,FP,9.5160032,527.949401,2.274422,10.1032
373576942,3525.01,0,train,FP,0.8912218,9160.0,1.846,12.8424
93963408,994.01,0,train,FP,2.396722,384.8985474,3.9453168,10.0267
313761775,1526.01,0,train,FP,1.5309799,654.0,1.37,9.693811
179159972,965.01,0,val,FP,1.37101,1561.43,2.379,10.6124
238197709,646.01,0,train,FP,13.7252522,4945.7679342,3.1694157,10.3001
329864959,1385.01,0,train,FP,4.5228781,25701.805278,5.3451649,8.437
262781201,6096.01,0,val,FP,1.3154261,285.0,2.121,9.34567
373785851,2062.01,0,train,FP,4.04163,3100.0,1.719,10.155
330944099,6196.01,0,val,FP,3.6119975,11983.0,4.013,13.4836
179155220,964.01,0,train,FP,0.60274,16763.6,1.834,10.6659
461387302,1624.01,0,train,FP,5.8089284,1111.0,5.137,10.2763
106114491,5876.01,0,val,FP,9.7211435,1812.1446313,4.1878475,10.6372
117256577,1156.01,0,val,FP,1.6865822,1770.0,2.429,9.7032
184679932,1645.01,0,train,FP,2.1721416,17864.5520776,2.7480823,9.25319
114103136,4219.01,0,train,FP,1.1471548,2670.0,1.403,16.0657
434234955,944.01,0,train,FP,6.0588453,2740.0,4.084,11.3818
289988797,4178.01,0,train,FP,2.2042212,4250.0,1.011,10.0415
143257766,1120.01,0,train,FP,1.66226,6030.0,3.321,10.4063
31268146,1948.01,0,train,FP,3.6473383,162.7642577,4.4572847,10.1302
416624606,1359.01,0,train,FP,2.5152549,1870.0,2.386,10.2732
32408928,4213.01,0,train,FP,1.0435229,4970.0,1.476,12.6825
126772538,4808.01,0,val,FP,1.4700596,4760.0,2.18,13.4542
347098457,976.01,0,val,FP,3.1510408,2025.1072724,2.9657375,10.4856
312469860,1530.01,0,train,FP,0.50261,1120.0,1.127,9.9475
298495970,2157.01,0,train,FP,8.4249241,19846.1698181,2.5216258,10.7033
373424049,742.01,0,train,FP,0.961917,363.5801833,2.378514,8.6333
387603144,4032.01,0,val,FP,2.4567112,530.0,1.716,11.0498
231703293,2632.01,0,train,FP,0.907105,1430.0,1.711,12.4537
417705690,1668.01,0,train,FP,2.363311,1121.0,3.294,10.0233
17129975,6969.01,0,val,FP,1.5142292,5271.4558635,1.7190416,12.367
41422753,5855.01,0,train,FP,2.4710865,8009.9707145,3.379115,12.3924
308307606,517.01,0,val,FP,9.8850244,9891.3681761,2.4234353,13.2361
176279915,5289.01,1,train,CP,3.4411264,2660.0,2.669,11.8884
382391899,391.01,1,train,KP,1.9550932,19634.9908668,1.78762,11.0529
26584326,7904.01,1,val,KP,4.959174,16934.66655,1.7965588,14.7897
151920165,4270.01,1,train,CP,3.4671474,4770.0,2.405,12.5695
79748331,1064.01,1,train,CP,6.4438657,1121.9512275,1.9309449,10.0059
349986198,5165.01,1,train,CP,3.577501,1300.0,1.662,12.5389
248853232,5823.01,1,train,KP,3.8681492,17259.9935362,2.1610195,8.8628
243200602,826.01,1,train,KP,11.5509742,10842.0,3.571,10.491
98796344,455.01,1,val,CP,5.358776,2708.4393715,1.3697764,8.84294
4610830,6833.01,1,train,KP,8.2616616,1343.0,2.862,11.5018
332558858,2373.01,1,train,CP,13.3368173,8210.0,4.384,12.5882
268766053,272.01,1,train,KP,3.3098458,19158.8321817,2.2676536,11.7617
271424111,6073.01,1,val,KP,3.2687063,9692.5415934,3.6398573,14.3999
388811663,5155.01,1,train,KP,9.7956535,1633.7953711,2.7073092,11.7603
91555165,2345.01,1,train,CP,1.0526157,358.5076064,1.5288415,10.3759
125739286,1934.01,1,train,KP,4.5111234,11170.0,4.525,10.5288
272213425,1904.01,1,train,KP,4.3247708,6380.0,4.267,11.1138
251848941,178.01,1,train,CP,6.5578513,1596.0,2.08,10.42
237920046,873.01,1,train,CP,5.9312003,1021.9253753,2.0314487,12.1249
467651916,4602.01,1,train,CP,3.9813082,464.0,3.1,7.7746
100990000,411.01,1,train,CP,9.5730787,288.090893,3.3490357,7.757
94986319,421.02,1,train,CP,5.1976858,437.4376044,1.8810737,9.2711
335590096,4860.01,1,train,CP,1.5229985,58060.0,1.196,13.7726
12421862,198.01,1,val,CP,10.2152025,960.5475682,2.3476219,9.92801
150151262,712.01,1,train,CP,9.5313801,910.0370283,1.6426425,9.9059
112099249,1921.01,1,train,KP,5.17958,7620.0,4.524,12.1577
258776466,7391.01,1,val,CP,7.4108495,1257.5647375,1.9719278,12.7294
404421005,4628.01,1,val,KP,6.32668,520.8002154,2.0310601,9.66562
376353509,1648.01,1,val,CP,7.3315684,893.0,1.287,9.5831
14344979,1927.01,1,val,KP,4.1117731,22017.8853537,2.1575648,12.3353
104866616,7059.01,1,train,KP,4.4626647,7983.8270519,3.0802705,11.1323
389352124,2197.01,1,val,KP,4.9546487,6745.244314,3.8239678,9.0532
299220166,4457.01,1,train,KP,3.2175184,12691.8036893,1.8986264,14.3258
123233041,2177.01,1,train,KP,3.5224751,8602.325645,3.2804955,13.1448
50712784,1912.01,1,train,KP,5.4053583,6770.0,4.859,10.5579
220479565,269.01,1,val,CP,3.6977167,4755.6707294,0.9308263,12.2958
14661418,751.01,1,val,KP,4.722816,22675.3812671,2.1894174,12.4806
17409453,5080.01,1,train,KP,9.72665,2287.0,4.584,12.9285
394357918,4184.01,1,train,CP,4.9019938,10774.951206,1.3243804,14.2612
15692883,1493.01,1,train,CP,5.147905,3710.0,5.405,9.7116
154089169,1174.01,1,train,CP,8.9534775,1136.0,2.696,10.2549
203189770,1198.01,1,train,KP,3.612771,11794.0,4.142,10.4219
299161524,7860.01,1,train,KP,12.611812,5274.0385549,4.7520365,14.6048
138820713,5730.01,1,val,CP,1.9271225,898.6821302,1.4530399,11.1557
259506033,3705.01,1,val,KP,1.9025032,10717.8931836,1.6652986,12.3824
264508014,4474.01,1,train,KP,3.3119026,7620.7493837,1.181072,13.692
142748283,2096.01,1,train,CP,3.1190716,2964.5828911,1.1585974,13.4764
46020827,7471.01,1,train,KP,9.3911326,6074.3894093,4.5117643,10.4725
139285832,332.01,1,train,CP,0.77685,830.0,1.43,11.5273
272212970,1902.01,1,train,KP,1.6091845,13450.0,1.63,13.174
150428135,700.03,1,val,CP,9.977273,459.8525479,2.2583631,10.9102
371443216,1924.01,1,train,KP,2.8240691,8970.0,3.808,8.0552
318022259,1730.01,1,train,CP,6.2262315,1488.0,2.239,10.3595
317520667,7058.01,1,train,KP,2.4651801,11993.572763,3.5668145,10.1154
183537452,192.01,1,train,KP,3.9227113,11362.3670709,2.6326626,10.2499
61205803,3636.01,1,train,KP,4.2186625,18527.6525232,3.2580998,12.7628
305243225,5798.01,1,train,KP,1.2129139,14617.2679583,2.1862785,11.734
158623531,246.01,1,train,KP,7.8728937,14639.4155321,3.7599578,11.2794
212253390,2211.01,1,val,CP,3.0926858,272.6778328,2.2149195,9.2551
280437559,969.01,1,train,CP,1.8237371,1890.0,1.347,10.5424
343628284,1448.01,1,train,CP,8.0970819,4723.0724376,3.127852,13.1717
147797743,6072.01,1,val,KP,3.691559,16316.0231993,2.720758,10.7447
142211778,6273.01,1,train,KP,3.052057,9403.0926011,3.4817792,13.9069
431701493,5970.01,1,train,KP,3.0927432,28695.1012159,2.2215324,11.5189
176685457,1935.01,1,train,KP,4.4352884,6410.0,1.89,12.2682
408618999,1736.01,1,val,CP,7.0731057,439.0,3.819,8.3302
441739020,1670.02,1,train,CP,10.9836724,315.0,2.636,9.4682
328513434,6383.01,1,train,CP,1.7904917,47315.0,1.223,14.4506
151825527,672.01,1,train,CP,3.6335834,8668.4420489,1.8069693,11.6739
138168780,1651.01,1,val,KP,3.7649949,14735.0,2.642,9.88278
122785299,4592.01,1,val,KP,8.8849511,16966.9658671,1.9958507,14.575
441738827,2084.01,1,val,CP,6.0784748,2760.298646,1.9914771,13.3257
138294130,2012.01,1,train,KP,3.0565259,8800.0,4.145,10.6506
269269546,4488.01,1,train,KP,4.45417,21409.0524466,2.27143,14.3945
403224672,141.01,1,val,CP,1.0082361,228.0,1.41,7.384
88992642,2145.01,1,train,CP,10.2611329,1900.0,7.369,8.55942
268823307,2182.01,1,val,KP,3.5484481,7022.0056891,4.5123025,12.7655
268604331,4466.01,1,train,KP,5.0141991,6026.126007,4.5606871,13.3926
53728859,6013.01,1,val,KP,3.2573898,13770.1931364,3.1400826,12.3396
386259537,1932.01,1,train,KP,5.6107737,6651.6899169,6.3384834,11.3299
176899385,1373.01,1,train,KP,3.8529998,8913.0,3.225,9.995771
384984325,6109.01,1,train,CP,8.5386633,1730.0,2.337,10.3622
288144647,6223.01,1,train,CP,3.8553342,6624.0,1.895,12.6758
399954349,4593.01,1,val,KP,7.8344688,2017.3628771,3.1260803,11.6052
99224131,4486.01,1,train,KP,2.6915408,7265.0,3.986,9.93225
69356857,5232.01,1,val,CP,4.0966887,5620.0,4.557,11.7791
44745133,1911.01,1,train,KP,7.8181434,3650.0,4.98,12.5757
101955023,667.01,1,train,KP,1.6289322,2512.1192447,0.809276,10.8372
232982938,1828.01,1,train,CP,9.0941239,2570.0,4.389,11.1315
260647166,1233.01,1,train,CP,14.1758947,907.1324529,3.7543827,8.6522
374530847,5797.01,1,train,KP,2.152163,16986.633013,1.7531966,10.9984
291685334,6021.01,1,val,KP,2.0319883,12273.0056923,3.4937463,12.489
9828416,2114.01,1,train,CP,6.2099619,4090.0,4.49,9.8251
355703913,111.01,1,train,KP,2.1061569,12142.2238514,1.4688934,13.183
306648160,3321.01,1,train,CP,3.6525305,9770.0,4.153,10.6651
445751830,3757.01,1,val,CP,3.4391954,32914.4087358,1.6681096,13.1858
351601843,1075.01,1,val,CP,0.6047392,1027.6833479,1.0403847,11.1186
83092282,622.01,1,train,CP,6.4025295,3814.9508945,3.9233956,8.5615
120692092,5984.01,1,train,KP,3.4130781,4017.8298399,2.5787928,14.0672
287139872,1752.01,1,train,CP,0.9351891,1150.2871156,0.7694649,12.7463
22221375,652.01,1,train,CP,3.9846589,445.0,2.146,7.3635
339672028,481.01,1,train,CP,10.3311621,4577.0,5.626,9.3935
39699648,1778.01,1,val,CP,6.5273884,415.430891,3.1190657,8.4594
142532090,4737.01,1,train,CP,9.3202467,2200.0,4.963,11.992
85593751,4516.01,1,val,KP,3.7224626,19962.6105832,2.595678,10.9332
393831507,1820.01,1,val,CP,4.860673,6140.0,2.632,10.5268
26054627,5349.01,1,train,CP,3.3176675,25010.0,1.796,13.8117
149918151,3846.01,1,val,KP,1.540776,27310.0,1.705,12.9178
294301883,774.01,1,train,KP,4.4656306,17361.1064238,3.4927618,11.3473
166739520,190.01,1,train,KP,10.0205932,8247.6689406,5.7033765,9.6411
166833457,404.01,1,train,KP,2.9626402,27118.3262165,1.9096724,12.3943
52204645,209.01,1,train,CP,4.3794298,969.6957616,1.6639354,10.8545
28900646,1685.01,1,train,CP,0.6691449,1254.3711932,0.9921631,11.1117
175236511,5136.01,1,train,KP,7.8092052,480.0,3.393,12.0789
126606859,4479.01,1,train,CP,1.1589013,3470.6759302,1.1688702,12.9374
160578764,1930.01,1,val,KP,2.8786641,8710.0,2.207,12.1014
440777904,511.01,1,train,KP,3.3552444,11199.9266299,3.7362246,11.3072
166648874,1806.02,1,train,CP,8.1960758,4699.5344472,1.4883227,12.6196
170102285,477.01,1,train,KP,2.9444273,20291.3838652,2.4478494,11.7583
234523599,127.01,1,train,CP,3.7955178,52278.9940979,2.0198135,14.1266
363548415,5168.01,1,val,KP,6.7713411,2930.0,2.836,11.9186
286201103,6008.01,1,train,CP,0.8573727,2045.7091221,0.5478598,12.2936
352682207,4010.01,1,train,CP,5.4146235,4983.0756289,2.9417261,11.5163
169556484,7902.01,1,train,KP,5.3338848,4807.5367749,7.4448687,13.9271
459323923,7149.01,1,train,CP,2.6520679,126188.0,1.53,14.8294
317060587,1052.01,1,train,CP,9.139804,358.4157801,3.0912936,9.0197
102713734,2580.01,1,val,CP,3.397862,9960.0,4.502,10.8064
420112589,1452.01,1,val,CP,11.0619937,3249.1164334,1.7587777,12.295
159951311,265.01,1,val,KP,5.9242661,11796.3303624,2.8894449,11.7276
139375960,1601.01,1,val,CP,5.33155,4220.0,6.191,10.1035
188589164,2013.01,1,train,CP,2.6162769,1120.6014184,1.134893,10.2705
57984377,6014.01,1,val,KP,2.5199146,12429.3724559,3.7121363,11.1355
418761354,4533.01,1,train,KP,2.1747824,560.0,1.654,11.375
398895470,5793.01,1,val,KP,2.6940348,11715.9037129,4.1073512,10.5523
92226327,256.02,1,train,KP,3.7779418,3469.450739,1.4759325,11.2991
437011608,5082.01,1,val,CP,4.2403543,842.0,2.353,7.6253
120317234,5999.01,1,train,KP,6.8834027,771.0,1.92,10.4081
391880567,7908.01,1,train,KP,6.2123114,8220.6122538,2.5257039,13.4202
120960812,1237.01,1,val,KP,12.72038,1070.0,2.401,10.2768
347329162,1809.01,1,train,KP,4.6170519,12210.0,3.555,11.5384
428679607,1669.01,1,val,CP,2.6800536,456.0,1.758,9.52906
261867566,905.01,1,train,CP,3.7395716,15256.9023477,2.0436597,10.5721
118956453,1925.01,1,val,KP,2.3447752,15340.0,1.814,11.9397
306362738,479.01,1,val,KP,2.7817379,12808.3940801,2.1508237,10.8164
63211674,4472.01,1,train,KP,8.6004516,3575.6614227,8.950521,13.1981
392476080,2109.01,1,train,CP,0.6724742,6741.9848293,1.9474931,9.78569
258510872,1885.01,1,train,CP,6.5440665,6060.0,3.777,11.9742
124573851,669.01,1,train,CP,3.9451359,841.0,2.424,10.1755
366576758,514.01,1,train,KP,11.3909685,16337.7657792,3.8062467,13.6674
258920431,2567.01,1,train,CP,5.9839451,3826.4375501,5.3886513,11.7489
